State/UT,District,Percent total literate Population (Age 7 +) ,Percent literate Male Population (Age 7+) ,Percent literate Female Population (Age 7+) ,Percent girls (age 6-11) attending Schools,Percent boys (age 6-11) attending Schools,Have Electricity connection (%),Have Access to toilet facility (%),Use piped drinking water (%),Use LPG for cooking (%),Live in a pucca house (%),Own a house (%),Have a BPL card (%),Own Agriculture Land (%),Have a television (%),Have a mobile phone (%),Have a Motorized Vehicle (%)
Andaman and Nicober Island, North & Middle Andaman  ,NA,NA,NA,NA,NA,NA,NA,NA,NA,NA,NA,NA,NA,NA,NA,NA
Andaman and Nicober Island, South Andaman  ,88,89.8,86.2,99.1,100,87.4,76.4,75.8,39.5,46.6,82,20.8,28.8,74.5,64.6,28.9
Andhra Pradesh,Adilabad,51,61.8,40.5,97.2,98.4,82,9.1,24.9,7.9,6,97.1,92.3,61.2,30.9,21.8,8.5
Andhra Pradesh,Anantapur,54.2,63.8,44.7,95.9,99.3,92.7,20.2,88.2,9,59.6,95,94.6,60.5,52.6,22.5,7.8
Andhra Pradesh,Chittoor,61.5,73.1,50,96.8,99,90.9,22.5,82.5,13.1,50.4,95.5,92.5,50.5,54.5,24.4,12.3
Andhra Pradesh,East Godavari,66.2,68.8,63.6,98.9,98.7,90.6,38.6,51.7,17.2,24.6,92.9,87.5,21.3,56,25.6,10.1
Andhra Pradesh,Guntur,58.4,68.4,48.6,97.9,98.8,88.8,39.6,47.8,29.6,40.1,90.3,80.2,38.5,54.5,21.8,10.6
Andhra Pradesh,Hyderabad,82.7,88.8,76.2,99.4,99.1,99.3,96.7,91.6,84.9,72.5,70.5,45.3,4.9,85.5,78.1,53.3
Andhra Pradesh,Kadapa,60.3,73.8,47.2,95.9,98.1,96,24.1,83.3,11.3,51.9,93.6,89.5,48.6,48.5,28.9,9.5
Andhra Pradesh,Karimnagar,56.9,68.8,45.8,99.9,98.5,91.8,25.3,61.9,14.6,22.1,92.5,83.9,45,49.4,33.9,10.7
Andhra Pradesh,Khammam,51,59.7,42.2,99.6,98.6,84.2,23.5,46.2,7.6,23.1,96,87.3,48.7,44.5,20.1,6.3
Andhra Pradesh,Krishna,65.6,70.8,60.5,99.3,99.5,93.3,45.3,65,26.4,34.6,89.6,88.2,24.5,60.9,23.9,11.4
Andhra Pradesh,Kurnool,48.6,60.5,36.7,94.8,97.9,93.1,21.8,66.5,9.7,45.4,91.7,91.5,57.3,51.4,27.3,9.2
Andhra Pradesh,Mahbubnagar,46.1,56.6,35.3,96.8,97.5,89,14.3,78.1,5,47.9,97.1,96.8,70.7,40.3,26.9,10.9
Andhra Pradesh,Medak,52.7,63.9,41.7,97.5,97.2,88,24.1,73.1,11.9,18.5,95.6,94.7,68.2,43.3,33.7,10.5
Andhra Pradesh,Nalgonda,57.8,70,45.1,96.5,96.5,89.3,22.8,62.9,11.4,42.1,94.5,90.5,49.4,50.6,36.1,10.9
Andhra Pradesh,Nellore,61.7,70.6,52.8,99.3,97.1,90.1,28.4,59,13.3,49.3,93.8,85.7,40.9,55.2,26.4,9.9
Andhra Pradesh,Nizamabad,52.1,63.2,41.7,98,98.9,94.8,27.1,90.1,19,21.1,91.8,88.7,47.4,47.5,33.5,9.9
Andhra Pradesh,Prakasam,57.1,67.7,46.6,95.2,98.6,89.4,31.3,40.5,20.8,52.2,90.5,76.6,50.1,53.7,22.1,11
Andhra Pradesh,Rangareddy,63.1,74.4,51.3,100,100,95.4,46.9,68.5,29.1,42.2,88.9,86.3,47.3,63.9,52.4,26.4
Andhra Pradesh,Srikakulam,56.4,66.9,46.5,96.2,99.7,86,12.4,9.4,10.3,46.6,94.4,91.8,52.4,37.6,16.3,6.8
Andhra Pradesh,Visakhapatnam,40,54.3,26.1,94.6,93.2,68.2,2.6,16.1,0.6,8.1,95.5,95.4,75.8,13,4.6,2.6
Andhra Pradesh,Vizianagaram,50,60.2,40.2,95.3,96.4,74.9,8,30.7,7.4,27.2,96.3,92.2,49.4,34.1,13.1,6.5
Andhra Pradesh,Warangal,58.5,70,47.2,99.5,98.7,93.3,28.9,73.2,13.9,21.1,92.2,91.7,46.4,43.9,30.2,8.6
Andhra Pradesh,West Godavari,65.4,70.1,60.5,96.4,97.8,92.1,49.9,79.8,19.2,28.1,88.4,89.4,22.9,58.1,23.9,10.6
Arunachal pradesh,Anjaw,74.3,80.9,66.3,100,100,97.5,82.4,95.4,27.2,11.2,98.9,21.4,43.3,57.2,32.1,24.3
Arunachal pradesh,Changlang,74.7,80.8,67,99.6,99.6,85.9,91.9,60.7,19.8,1.9,99.1,10,65.5,67.5,40.3,22.7
Arunachal pradesh,Dibang Valley,77.9,80.6,75,99.6,100,99.8,98.7,100,19.9,17.8,94.7,29.6,36.2,82.1,57.3,23.7
Arunachal pradesh,East Kameng,67.1,71.6,61.4,100,99.8,72,66.3,61.6,4.3,1.6,99.7,19.3,36.4,20.1,11.1,7.6
Arunachal pradesh,East Siang ,76.9,81.9,71.2,99.8,99.8,81.4,78.4,72.2,12.5,6.7,90.6,18.7,52.1,55.3,37,27.5
Arunachal pradesh,Kurung Kumey,77.9,82.4,71.5,98.8,96,94.1,81.4,86.2,6.9,2.5,98.2,31.9,54.9,62,13.1,16.9
Arunachal pradesh,Lohit,76.7,81.3,71,99.3,100,97.5,96.6,66.5,16.6,2.9,97.5,22.3,62.7,66.4,31.5,23.6
Arunachal pradesh,Lower Dibang Valley,74.6,77.9,71.1,100,100,99.6,96.2,91,6,3.3,97.9,23.8,80.5,67.6,33,15.5
Arunachal pradesh,Lower subansiri,77.7,82.2,72.1,98.8,98.1,93.2,87.3,92.2,19.7,5.3,97.7,20.9,46.2,66.9,21.3,26.2
Arunachal pradesh,Papum pare,78.4,83.6,72.1,100,100,98.6,79.9,84.9,38,17.1,93,29.9,48.3,64.6,47.8,29
Arunachal pradesh,Tawang,65.4,70.7,59.6,100,100,97.6,72.2,88.8,38.7,9.8,98.1,10.5,52.8,69.8,34.4,18.3
Arunachal pradesh,Tirap,77.4,81,72.7,100,100,99.1,85.6,86.3,16.5,1.7,97.8,26,68.1,69.1,25.1,17.3
Arunachal pradesh,Upper Siang,65.9,69.6,61.5,100,99.6,90.6,84.3,96.6,2.6,2.6,97.8,14.5,78.2,27.2,11,7
Arunachal pradesh,Upper subansiri,81.2,83.7,77.8,96.4,94.8,89.6,75.4,70.8,9.7,1.3,97.1,20.4,43.5,51.4,10.4,14.4
Arunachal pradesh,West Kameng,76.6,81.3,70.8,99,99.6,96.8,89.7,96,42,10.4,98.6,7.4,40,77.3,43.6,26.6
Arunachal pradesh,West Siang,76.7,81.7,70.1,94.2,89.9,65.7,68.5,74.6,14.3,4.2,92.7,10.5,44.3,38.3,24.5,16.9
Assam,Barpeta,73.5,79.8,66.5,99.6,98.6,22.5,71.3,1.3,10.5,0.9,97.6,29,48.1,14.9,23.5,6.9
Assam,Baska,79.2,84.5,73.1,99,99.5,30.9,59.5,1.4,6.2,2.9,98.4,26.6,66.2,21.7,18.7,5.6
Assam,Bongaigaon,69.5,77.1,61,99.3,98.5,19.9,54.5,1.4,6.6,1.6,98.1,24.2,47.6,16.5,27.1,7.1
Assam,Cacher,78,85.1,71.2,97.6,98,30,85.5,28.9,4.7,2.4,99,27.2,48.7,26.2,23,7.7
Assam,Chirang,69,76.2,60.7,97,97.2,13.6,29.1,0.5,5.2,1.3,99.4,32.8,61.9,12.3,17.8,5.4
Assam,Darrang,75.4,81,69,99.7,98.4,19,55.2,1,4,1.8,99.6,28.6,66,14.2,19.4,4.7
Assam,Dhemaji,76.5,84,68.6,98.7,98.6,16.1,48.2,1.4,5.6,2.2,98.7,19.8,74.8,15.7,20.1,6.3
Assam,Dibrugarh,78.4,85.8,70.6,97.6,98.3,32.5,78,2.2,10.2,2.5,94.4,19,59.7,36.3,26.5,11.6
Assam,Dubri,67.2,72.8,61,97.6,96.3,17,45,2.3,4.9,4.7,97.1,23.6,47.5,11.4,13.5,4.1
Assam,Goalpara,77.3,82.1,71.9,99.2,98.2,27.5,63.6,1.6,4.9,2.9,99.6,18.5,48.7,20.1,21,6.5
Assam,Golaghat,76.2,83.2,68.9,98,98.3,23.4,75.3,7.8,6,5.8,97.5,31.6,65.3,28.6,24.5,8.9
Assam,Hailakandi,78.7,85.2,72.2,98.6,98.5,27.8,96.1,16.4,2.4,1.6,97.7,26.3,44,13.9,21.8,4
Assam,Jorhat,83.1,89.3,76.6,98.3,99.3,38.3,64.4,17.5,15,4.6,93.2,13,64.3,32.5,28.6,15
Assam,Kamrup,83.5,89.5,76.7,100,98.7,42.8,73.6,3.6,14.8,8.3,99.3,22,67.6,33.2,29.9,9.3
Assam,Kamrup metro,81.8,86.5,76.8,98.4,98.5,50,72.8,10.6,25.8,12.7,98.3,21.2,39,42.2,38.1,13.4
Assam,Karbianglong,84.4,88.5,79.2,99.7,99.5,61.1,82.3,11.8,15.3,4.6,96.3,9.3,56.1,49.3,33.4,13
Assam,Karimganj,75.5,81.1,70.4,98.4,97.9,22,84.4,8.9,3.9,2.2,97.9,29.3,44.2,14.1,19.4,2.8
Assam,Kokrajhar,66.2,72.7,59.3,99,98.5,27.5,33.8,1.1,6,2.2,99.1,30.5,57.2,15.4,16.6,5.1
Assam,Likhimpur,78.6,85.6,71.1,98.4,98.2,21.3,59.6,2.6,8,4.3,94.8,27.7,67.8,20.3,27.2,10.8
Assam,Marigaon,78.2,83.1,72.5,99.1,97.8,30.9,66.8,2.2,10.5,5.5,98.2,22.2,58,19.8,21.3,8.6
Assam,Nagaon,77.7,82.4,72.7,99,98.3,34.2,72.5,5.7,9.8,2.3,94.3,26.2,51,25,25,8.4
Assam,Nalbari,82.3,88.8,75,99,99,40.2,66.8,2.9,17.7,6,99.4,30,42.7,28.3,28,9.5
Assam,North Cachar Hills,82.6,89.1,74.9,99.3,99.6,66.2,94.1,21.7,16,1.1,96.5,7.8,42.4,39.1,34.9,11.6
Assam,Sibsagar,85.3,90.2,80.1,98.1,97.9,45.1,79.3,8.5,15.4,5.2,94,21.9,67.8,36,36.4,15.4
Assam,Sonitpur,70.8,78.4,62.7,97.1,98.5,32,64.9,6,10.9,1.3,89.1,20.5,43.8,22.4,21.7,9.4
Assam,Tinsukia,69.5,80.5,58,97.1,95.3,33.4,80.1,1.8,6.2,1.7,86.4,13.2,53.6,28.9,20,6.1
Assam,Udalguri,72.3,79.2,65,97.6,97.2,27.9,54.5,2.3,1.8,1.6,94.6,24.3,53.1,20.8,24.4,4.9
Bihar,Araria,49.7,61.3,38.4,97.7,99.4,3.3,4.3,0.1,0.1,4.5,95.9,19.9,49.4,7.3,9.8,4.7
Bihar,Aurangabad,66.9,81.4,53,99.3,99.4,8.5,11,1.8,0.6,15.3,98.9,32,65.9,5.4,17.7,5.5
Bihar,Banka,50.8,65.9,36.8,97.8,99.2,11.1,6.2,0.1,0.1,9.2,99,26.8,68.8,4.2,12.1,4.1
Bihar,Begusarai,58.4,71.9,45.6,99.6,98.7,22.6,23.1,0,1.3,12,98.7,27.9,28.5,7.3,12.3,4.1
Bihar,Bhagalpur,56.7,67.2,45.2,99,98,36.9,18.3,2.5,2.1,18.6,98.1,11.4,49.4,15.8,17.5,6.6
Bihar,Bhojpur,65.5,81.6,49.1,98.7,98.3,12.8,14.6,0.8,2.3,21.7,95.5,34.3,50.8,13.1,18.4,6.2
Bihar,Buxar,66.9,81.4,52.1,97.2,98.2,18.7,11.7,1.1,2.7,20.2,96.3,35.5,52,12.5,21.3,8.4
Bihar,Darbhanga,54.7,70.4,40.6,98.3,99.7,21.7,14.2,0.1,1.8,9.6,98.3,153,30.7,6.6,15.5,3.3
Bihar,Gaya,55.5,70.8,41.3,97.7,98.8,15.2,13,0.3,1.4,9.5,98.4,27.1,63.5,5.7,11,4.7
Bihar,Gopalgunj,61.9,77.3,47.3,99.8,100,22.7,12.2,0.1,2.8,25.4,98.6,19.6,73.3,9.9,26.2,8.2
Bihar,Jamui,50.8,68.4,34,98.2,99.3,8.9,3.4,0,0.5,5.2,98.4,32.8,78,3.6,9.7,4.7
Bihar,Jehanabad,65.2,80.1,51.2,99.4,99.5,18.6,18.9,0.7,1.1,11.5,99.2,27.9,53.5,10.1,17.6,5.6
Bihar,Kaimur,67.1,80.5,53.7,99.5,98.7,34.3,9.8,2.4,1.3,14.5,98.9,23.8,56.7,12.3,16.9,10.3
Bihar,Katihar,47.2,58.6,36.2,98.9,97.5,4,9.6,0.2,0.2,2,97.6,30,44.2,4.8,5.8,3.2
Bihar,Khagaria,54.1,67.5,41.2,99.3,97.8,20.2,15.6,0.1,1.4,6.9,98.4,29.3,43.2,5.7,11.5,3.8
Bihar,Kishangunj,52,63.6,41,99.5,99.2,7.5,5.6,0.3,0.3,3.6,98.7,44.8,40.7,6.3,7,3
Bihar,Lakhisarai,57,71.9,43.1,99,99.5,31,18.3,0.9,2.8,19.2,99,30.2,54.2,9.3,16,4
Bihar,Madhepura,49.7,65.4,34.8,98.5,99,6.5,8.4,0.2,1.4,5.2,98.8,28.5,49.7,4.2,14.4,4.5
Bihar,Madhubani,53.1,69.5,40.1,97.7,98.6,17.8,12.1,0.7,2.2,9,98.6,25.5,49.9,6.4,14.2,4.9
Bihar,Munger,65.8,76.9,54.7,98.8,99.6,43.1,25.5,0.3,3.5,15.9,97.9,28.2,43.4,18.6,21.9,6.9
Bihar,Muzaffarpur,57.8,68,47.9,97.4,99.2,20.7,15.8,0.1,3.1,15.2,98.4,25.9,47.3,10.1,16.6,6.3
Bihar,Nalanda,59.6,74.4,45.8,99.4,99.2,25.5,21.7,0.4,2.6,23,99.5,29.7,60.7,12.7,18.2,4.1
Bihar,Nawada,55.1,69.4,43,99.1,98.2,9.8,12.7,0.9,0.8,21.4,98.1,29.3,63.6,3.8,12.6,2.9
Bihar,Paschim Champaran,50.4,63.7,37.7,98,99,7,8.2,0.3,1.1,5.9,99.3,29.1,50.2,4.7,10.9,3.7
Bihar,Patna,64.8,78.8,50.5,98.4,98.1,42.9,23.6,4.1,5.8,17.7,95.2,38,58.7,22.7,18.4,8
Bihar,Purba Champaran,54.4,68.7,41.1,99.1,98.8,10.3,9.2,0.2,1.7,9.1,99.7,20.8,50.3,5.8,15.6,5.2
Bihar,Purnia,46.5,58.7,34.7,99.2,99.4,15,8.7,0,0.6,6.3,97.3,23.3,42.5,6.8,9.8,3.9
Bihar,Rohtas,67.8,80.6,54.7,99.4,99.7,32.5,14.5,0.6,2.1,17.8,97.3,22.8,57.1,10.6,21.6,7.2
Bihar,Saharsa,45.7,62.7,31.1,98.9,98.6,22.3,8.8,0.3,1.6,8.5,98.7,26.6,48.4,7.7,14.3,4.7
Bihar,Samastipur,58.9,71.9,46.9,99.2,98.3,13.8,12.3,0.1,0.3,6.2,98.8,20.3,41.5,4.7,10.7,4.4
Bihar,Sapaul,51.8,70.4,33.8,97.3,98.7,15.3,6.1,0.1,0.5,4.2,97.6,31.3,53.9,6,12.4,4.3
Bihar,Saran,64.1,79.3,50,99.3,98.2,12.3,12.3,0.4,2.1,11.1,98.9,20.8,61.2,13.5,23.4,9
Bihar,Sheikhpura,58.4,73.6,44.1,96.1,98.3,32.9,19.8,3.4,1.6,20.3,99.1,29.6,60.8,10.2,15.6,5.3
Bihar,Sheohar,45,57.7,33.6,97.1,98.5,13.5,13.7,0,0.6,6.2,98.8,32.2,39.5,5.4,11.7,3.1
Bihar,Sitamarhi,46.2,58.1,35.4,98.6,97.6,15.9,12.1,0.1,1.2,9.3,98.5,24.7,43.4,5.1,10.2,3
Bihar,Siwan,67.6,79.3,56.9,100,100,13,18.2,0.1,3.6,22.8,99.2,15.7,49.2,10.5,25.4,8.8
Bihar,Vaishali,66.1,79.8,53,98.7,98.5,23,18.5,0.7,4.4,12.6,98.6,33.5,55.7,14.2,18,7.9
Chandigarh,Chandigarh,78.2,81.9,73.5,99.9,100,99,98.8,91.1,74.4,97,67.8,1,6.2,91.6,71.5,42.6
Chhattigarh,Bastar,48.3,59.4,37.2,98.4,97.6,41.1,15,1.4,1,2,98.4,73.4,80.6,7.6,3.4,6.8
Chhattigarh,Bilaspur,61.3,75.7,47.1,97.2,98.1,81.9,8.5,3.4,0.5,4.1,98.9,69.5,69.8,23,7.6,5.8
Chhattigarh,Dantewara,38.4,49,28.1,95.5,97.9,49.3,3.7,0.5,3.6,3.4,99.7,69.3,75.9,11.2,6.4,6.4
Chhattigarh,Dhamtari,74.5,86.1,63.1,99.5,98,85,15.9,8.3,2.6,7.7,96.8,58.6,66.5,34.4,6.5,13.5
Chhattigarh,Durg,72.6,85.4,59.9,97,97.9,84.1,8.6,7.8,0.5,8.3,97.8,50.1,77.5,38.7,7.6,13.2
Chhattigarh,Janjgir,69.1,83.1,55.4,99.5,98.3,92.5,11.3,3.7,2.2,9.4,97.2,59.5,74.7,34.5,10.6,12.6
Chhattigarh,Jashpur,66.7,76.8,56.7,98.8,97.8,29.9,4.6,0.6,1.1,1.3,99,53,84.1,8.3,5,6.2
Chhattigarh,Kanker,65.4,76.8,54.3,97.2,96.7,58.6,13.2,2.6,0.7,2.5,98.9,62.8,82.9,16,5.2,7.9
Chhattigarh,Kawardha,54.5,68.3,40.6,95.1,97.6,76.9,4.1,2.5,0.3,3.9,99,66.5,75.2,16.6,4.1,8.4
Chhattigarh,Korba,60,73.8,46.4,97.3,96.3,63.7,12.4,1.4,0.5,2.2,98.1,77,70.6,17,3.3,6.9
Chhattigarh,Koriya,59.4,73.1,45.3,97.7,97.9,32.9,6.4,2.9,1.6,1.8,99.4,58.7,73.8,8.2,4.6,7.8
Chhattigarh,Mahasamund,66.8,79.2,54.7,98.8,95.5,79.3,7.9,2.7,1.6,4.2,97.9,55.9,69.5,24.3,6.9,11.3
Chhattigarh,Raigarh,66.6,77.2,56,99.7,98.8,87.1,8.2,8.1,2.1,5.3,98.2,68.7,66.5,29.4,6.4,11.1
Chhattigarh,Raipur,66.2,79.6,52.6,96.6,96.9,77.2,6.4,6.9,2.8,10.9,97.6,55.2,73.6,33.8,7.3,10.9
Chhattigarh,Rajnand Gaon,66.9,78.3,56.2,99,99,84.2,11.6,4.9,1.3,2.7,98.6,54.2,80.9,20.6,2.3,5.9
Chhattigarh,Sarguja,56,67.9,43.5,98.1,98.1,47,14.6,1.9,3.5,2.6,99.3,68.7,79.4,14.1,7.2,9.8
Dadra & Nagar Haveli,Dadra & Nagar Haveli,64.8,75.6,52.7,95.7,97.3,95.1,26.4,46.5,16.3,14.3,89.3,40.7,59.7,42,28.6,20.7
Daman and Diu,Daman ,84.5,90.9,75.4,99.4,98.9,99.5,61.3,66.7,39.6,27.5,81.1,19.4,41.9,62.3,54.7,36.9
Daman and Diu,Diu,70.7,81.8,59.9,100,99.1,99.3,43,94.2,26,62.9,86.2,17,32.6,69.5,54.9,31.6
Delhi,Central,NA,91,85.5,100,99.8,98.7,97,92.7,89.9,92.8,82.6,18.3,9,89.9,82.6,44.9
Delhi,East,NA,91.3,80.3,98.7,98.9,98.4,93.8,83.6,88.6,94.1,88.9,21.1,16.6,83.9,80,42.5
Delhi,New Delhi,NA,93.2,81.2,98.4,99.5,99.9,91.1,95,88.1,73.6,79,4.9,27.7,84.5,82.4,38.6
Delhi,North Delhi,64.5,69.9,58.6,94.9,100,59.4,71.1,18.9,53,58.3,96.4,7.2,31.8,54.7,65.5,25
Delhi,North East,81.7,86.2,76.2,100,95.3,98.1,94.6,69.5,62.6,86.1,83.8,32.8,41.8,74,58.4,32.7
Delhi,North West,84.7,92.2,75.9,96,100,97.3,79.8,58.5,77.9,68.6,95.9,41.8,36.1,79,79.6,33.8
Delhi,South,83,89.5,75.4,100,100,97.2,94.2,76.6,79.1,85.9,94.2,27.3,20.1,74.2,76,35.3
Delhi,South West,80.3,88.3,71.2,95.8,95.8,100,48.7,41,60.2,54.7,94.3,31.8,42.2,85,72.7,29
Delhi,West,79.6,89.5,66.2,100,100,97.7,92.8,79.1,73.2,73.9,85.6,2.3,16.4,66.2,54,20.8
Goa,North Goa,86.8,93.2,80.9,99.6,100,98.4,71.3,74,52.8,33.9,95.4,12.9,30.3,76.5,61.7,51.6
Goa,South Goa,84.7,92.6,76.8,100,100,96.4,81,78.1,56.5,47.7,95.5,7.3,17,75.1,65.3,53
Gujrat,Ahmedabad,66.7,79.7,52.5,99.5,100,93.8,22.2,70.1,6,32.1,98.2,24.1,56.7,50.9,30.4,16.7
Gujrat,Amreli,71.2,80.7,61.9,98.2,99,93.3,45.1,72.4,16.7,38.4,96.9,27.9,53.4,48.1,56,35.5
Gujrat,Anand,79.6,89.9,68.9,98.1,100,87.3,48.4,90.7,23.5,33.1,92.8,38.9,41.8,45.4,36.6,17.1
Gujrat,Banaskantha,60.4,74.2,46,97.4,96.4,69.8,15.5,60.2,5.3,25.5,95.5,28.2,60.5,17.7,30.8,9.7
Gujrat,Bharuch,73.3,82.6,63.9,98.3,97.9,91.9,34.3,71.1,15.1,26.7,98,42.2,41.9,39.3,31.5,21.3
Gujrat,Bhavnagar,67.7,78.9,56.5,96.7,99.2,94.6,30.7,79.6,9.1,31.6,97.5,25.1,50,49.3,46.4,30.1
Gujrat,Dahod,57.8,71.1,45.2,97.1,97,61,9.5,3,3.3,8.6,99,32.5,91.9,12.2,31.2,12.3
Gujrat,Gandhinagar,77.7,89.4,65.6,93.4,97.5,91.4,49.7,91.6,25.9,48.1,95.1,30.1,57.1,50.9,40.7,24.7
Gujrat,Jamnagar,66.8,76.9,56.2,98.6,97.6,91.3,29.2,65.3,9.2,57.5,95.7,21,57.1,51.7,56.8,41
Gujrat,junagadh,70.9,81,60.7,98.7,96.9,95.7,48.6,69.4,11.1,46.5,94,27.9,54.1,52.3,47.8,30.8
Gujrat,Kachchh,56.4,68.2,44.3,95,97.6,86.3,33,73.4,6.7,27.3,91.9,36.8,39,42.6,48.3,18.6
Gujrat,Kheda,79.2,92,65.7,98.2,99.4,85.2,41.1,68.5,18.7,37.2,96.8,33.2,65.1,44.5,36.6,22.4
Gujrat,Mahesana,77.9,88.7,67.1,99.7,99.2,90.8,42.1,86.3,28.2,45.6,92.7,17.7,59.1,53.8,44.5,21.1
Gujrat,Narmada,64.9,76.8,52.7,98.9,96.1,71.9,7.3,18.7,1.8,6.3,98.5,63,56.2,17.3,9.9,8
Gujrat,Navsari,78.2,84.7,71.9,99.8,97.2,86.4,33.7,32.4,16.1,19.5,95,43.1,41.5,36.8,35.3,30.5
Gujrat,Panch Mahals,67.4,82.2,52.8,99.1,98.1,83.3,20,16.4,7,19.3,99.4,33.4,88.7,17.7,27.7,14.8
Gujrat,Patan,64.2,77,51.5,96.6,97.4,82.4,35.5,89,7.1,23.9,94.4,34,57.4,28.2,36.4,11
Gujrat,Porbandar,64.6,74.5,54.4,98.6,97.6,87.4,31.6,55,6,47.4,96.5,45.1,43.3,43.4,44.2,20
Gujrat,Rajkot,69.6,79.5,59.1,99.5,100,95.2,37.5,76.2,16.7,50.4,95.3,24,53.8,56.8,56.5,40.7
Gujrat,Sabarkantha,70.5,83.9,57.4,99.3,96.6,86.4,29.7,58.3,12.3,29.4,97,49.8,73.3,28.2,30.9,19
Gujrat,Surat,70.5,77.9,63.6,99.3,99.4,85.8,35.7,37.6,25,25.6,98,40.7,40.7,42.3,35.1,33.3
Gujrat,Surendranagar,62.6,74.3,50.5,97.1,98.2,83,20.1,37.8,9.3,30.6,94.6,26.6,56.5,37.2,45.4,24
Gujrat,The Dangs,60.9,70.9,50.9,95.6,96,50.3,21.5,7.9,0.6,3.3,98.9,53.2,65,13.9,5.9,8.9
Gujrat,Vadodara,58.7,70.4,46.5,98.7,97.6,78.3,21.7,47.6,8.1,16.7,97.5,39.7,61.6,23.7,24.1,14.1
Gujrat,Valsad,75.7,83.1,67.8,99.5,99.7,89,34.9,17.2,18.1,27,95.4,40.6,55.6,48,37.4,33.4
Haryana,Ambala,75.8,83.7,66.8,99.4,99.1,92.5,37.1,62.7,17,45.7,96.9,15.1,36.6,64.9,39.6,31
Haryana,Bhiwani,71.3,84.5,57,99.4,100,90.8,37.6,49.9,10.1,48.3,99,19.6,62.2,50.6,49.3,16.2
Haryana,Faridabad,71.1,84.7,56.1,99.4,100,89.8,31.5,35.2,8.5,42,98.2,14.5,49.1,51.1,45.3,30.3
Haryana,Fatehabad,63.5,73,53.5,99.2,97.8,85.9,78.2,57.7,12,44.7,97.8,23.2,42.6,46.8,47.4,24.7
Haryana,Gurgaon,76.4,87.1,64.6,98.7,98.3,93.5,50.8,50.2,29.7,65.1,97.3,14.1,38.6,60.4,59.2,29.7
Haryana,Hisar,65.5,77.4,52.6,99,100,86.4,44.6,32.6,7.3,42.4,97.5,22.3,52.1,43.6,39.9,17.4
Haryana,Jhajjar,76.8,87.2,65.5,99.4,100,93.7,44.2,54.4,12.5,54.1,98.5,15,57.2,60.4,44.4,25.9
Haryana,Jind,67.7,79.3,55.3,99.5,99.3,95.4,34.7,28.1,4.8,30.5,99.6,30.5,60.2,52.6,43.4,17.1
Haryana,Kaithal,62,70.6,52.6,99.1,100,93.7,49.3,37.3,7,42.9,98.9,25.4,50,58.9,48.2,25.3
Haryana,Karnal,71.9,80.9,62.3,99.7,99.8,94.9,55.3,70.5,13.7,54.4,98.9,21.3,36.9,64.9,39.5,27.3
Haryana,Kurukshetra,72.4,80.3,63.7,99.6,99.1,92.5,54.7,77.4,14.5,52.9,97.3,20,33.2,55,33.3,27.7
Haryana,Mahendragarh,73.9,87.9,59.1,100,99.7,87.9,30.2,76.4,7.5,45,99.4,17.1,64.3,47.8,56.3,21.9
Haryana,Mewat,51.8,71.8,31.3,90.3,97.8,77,12.2,31.6,1.4,30.9,98.4,24.6,56.7,18.1,47,20
Haryana,Panchkula,75.3,83,67.4,97.5,98.7,91.5,43,87.2,22,64,97.3,15.9,42.3,67.1,46.5,30.7
Haryana,Panipat,73.4,83.5,62.2,99.9,100,95.8,64,34,11.2,52.2,97.2,18,47.2,58.1,41.2,24.2
Haryana,Rewari,77.7,91,63.6,100,100,93.1,37.9,61,15.3,61.6,99.7,21.2,59.6,59.9,60.5,35.5
Haryana,Rohtak,75.3,86.5,62.6,98.9,99.2,96.7,46.9,41.3,12.3,61,98.6,16.6,53.8,59.2,48,21.9
Haryana,Sirsa,64.2,73.6,54.1,99.3,97.9,81.5,94.4,86.6,9,33.3,98.2,23.6,43.5,46.6,51.2,27.8
Haryana,Sonipat,78.5,88.5,67.2,100,99.9,94.5,47,40.7,13.1,54,95.8,12.4,50.6,60.3,45.2,25.9
Haryana,Yamunanagar,71.6,80.2,62.1,100,100,91.2,24.5,44.6,10.1,51.7,97.8,21.3,40.4,57.4,36.8,28.7
Himachal Pradesh,Bilaspur,83.3,90.2,75.8,99.6,99.7,99.6,55.9,52.8,7.9,48.3,99.1,26,89,74.7,54.7,8.9
Himachal Pradesh,Chamba,71.1,83.1,58.3,99.4,99.1,97.2,26,81.7,7.4,26.4,99.2,45.6,90.2,56.2,37.9,4.1
Himachal Pradesh,Hamirpur,87.3,94.6,79.9,99.4,99.5,99.6,68.4,69.8,15.4,61.6,98.9,21.5,87.8,81.4,57.7,11.4
Himachal Pradesh,Kangra,84.1,91.1,76.5,100,100,99.4,31.5,67.7,18.2,41.4,98.6,30,77.7,72.2,48.3,14
Himachal Pradesh,Kinaur,NA,NA,NA,NA,NA,NA,NA,NA,NA,NA,NA,NA,NA,NA,NA,NA
Himachal Pradesh,Kullu,79.8,89.7,68.4,98.5,100,99,50.3,93,23.7,31.3,98.7,24,81,74.9,55.6,8.2
Himachal Pradesh,Lahul spith,NA,NA,NA,NA,NA,NA,NA,NA,NA,NA,NA,NA,NA,NA,NA,NA
Himachal Pradesh,Mandi,78.6,88.1,68.6,100,99.7,97.3,73.4,88.9,12,42.2,99.1,24.4,85.8,64.5,45.9,5.7
Himachal Pradesh,Shimla,79,87.7,70,100,100,95.1,45.9,79.9,26,19.6,99.1,38.8,87,57.4,56.5,5.8
Himachal Pradesh,Sirmaur,77.9,86.3,68.4,100,99.4,97,50.5,79.1,16,54,98,31.3,82.4,63.7,51,11.5
Himachal Pradesh,Solan,82.7,90.7,74.2,99.7,99.5,97.3,53.6,71.8,24.5,58.4,98.2,33.1,71.2,75.1,57.7,17.8
Himachal Pradesh,Una,88,93.8,81.7,100,100,99.8,44,65.7,13.4,51.2,99.5,37.9,86.8,83.1,57.2,17.4
J & K,Anantnag,66.3,78.2,53.7,99.5,99.8,89.7,66.3,63.2,15.2,66.2,99.1,47,86,51.5,54.5,6.1
J & K,Badgam,58.3,71.7,44.1,99.6,98.7,92,96.6,68.4,21.9,62.5,98.3,44.8,82.9,58.4,49.3,7.7
J & K,Baramula,63.1,76.6,49.1,99.3,99.8,92.5,93.4,66.6,17.3,25.9,99.1,52.7,89.6,52.2,52.9,7
J & K,Doda,66.3,80.4,49.9,99.5,100,76.7,14.4,60.7,7,12.1,98.5,55.2,95.1,28.2,36,2.3
J & K,Jammu,76.7,85.9,66.4,98.6,100,99.7,12.4,14.2,21.6,52.5,99.5,21.8,81.6,76.6,48.4,25.5
J & K,Kargil,69.5,80.9,57.4,99.5,100,87.7,97,44.5,14.6,19.1,99.4,53.7,90.2,35.1,26.6,7.7
J & K,Kathua,78.9,86.3,70.4,99,99.3,99.4,14.1,48.6,19.1,48.2,99.2,14.4,76.8,74.4,55.6,23.8
J & K,Kupwara,67.2,79.7,54.2,98.9,99.1,92,93.6,40.4,13.4,38.7,98.5,65.5,90.6,36.4,44.6,5.7
J & K,Leh,71,81.1,61.2,99.7,98.3,90.7,96.4,25.8,45.2,8.9,98.3,34.6,80.1,60.5,32.7,20.3
J & K,Pulwama,68.5,79,58.2,99.6,99.3,95.8,84.7,63.7,16.2,75.8,98.7,41.8,92,57.5,61.5,9.8
J & K,Punch,73,83.8,60.6,99.5,99.9,80.4,18.5,37.6,10.4,18.4,98.8,53.9,95.9,21.7,27.8,5.8
J & K,Rajauri,77.5,88,64.9,99.5,99.5,89,8.7,16.5,8.7,24.5,99.5,36.7,98.9,43.2,39.8,5.7
J & K,Srinagar,62.2,75,49.4,99.3,100,99.3,95.4,67.6,28.1,59,96.9,29.3,87.3,65.1,54.4,12.7
J & K,Udhampur,70.1,79.6,58.7,99.7,99.8,84.4,2,24.9,4.3,15.6,99.8,31.8,94.4,38.5,41,4.2
Jharkhand,Bokaro,62.6,78.8,45,99.8,99.5,34.8,3.6,NA,0.6,14.1,98.8,28.9,75.7,21.2,17.3,12.7
Jharkhand,Chatra,57,67.4,46,99.5,99.2,18.2,3,0.1,0.2,6.1,99.3,42.1,79.2,5.1,12,6.4
Jharkhand,Deoghar,58.3,72.9,41.7,100,99.8,31.8,1.8,0.1,0.6,7.5,99.7,22.3,77.5,12.1,12.4,5.9
Jharkhand,Dhanbad,65.3,80.1,49,97.8,99.4,65.2,6.5,4.5,0.7,14.8,97.3,33.9,67.3,36.7,21.2,14.5
Jharkhand,Dumka,60.1,74.7,44,99.7,99,9.7,13.2,0.4,0.6,2.9,98.9,32.8,77.9,7.8,6.3,5.3
Jharkhand,East Singh Bhumi,61.4,75,46.6,97.7,98.2,31.7,11.3,0.5,0.4,4.5,99.4,51.1,71.3,12.1,10.5,10.2
Jharkhand,Garhwa,56.8,68.7,43.5,99.6,99.5,21.8,2.7,0.1,0.6,5.2,98.7,33.1,70.6,6.1,6.3,4.2
Jharkhand,Girdih,55.3,69.8,39.1,99.3,98.9,11,2.6,0.6,0.7,9.6,99.1,36.1,80.4,7,14.7,8.3
Jharkhand,Godda,49.2,60.7,36.1,99.5,99.2,22.6,2.7,1.9,0.6,7.9,99.2,30.9,75.2,21.2,9.5,7.9
Jharkhand,Gumla,61.5,72.7,49.9,97.5,99.7,11.9,8.4,NA,1,1.9,98.5,33,82.2,7.7,7.6,6.1
Jharkhand,Hazaribag,65.1,77.8,51.4,99.1,99.6,47.2,8.6,2.6,2.2,18.3,98.9,34.5,82.4,20.1,25.6,14.2
Jharkhand,Jamtara,55.4,67.9,41.8,98.6,99.3,31.6,2,1.1,0.2,4.1,99.4,31.7,82.9,14.8,10.1,7.6
Jharkhand,Kodarma,59.8,76,42.3,100,98.2,39.3,5.2,0,0.9,14,98.7,35.8,79.2,10.9,16.1,8.5
Jharkhand,Latehar,61.8,73.8,49,99.1,100,7.7,4.7,0.2,0.1,2.4,98.6,44.6,83.4,5.1,7.8,4.1
Jharkhand,Lohardaga,62.4,74.4,50.2,98.8,98.5,15.9,7.5,0.1,0.6,2.8,99.6,37.3,82.1,7.4,8.4,8.5
Jharkhand,Pakur,41.7,51.3,31.7,99.3,99,9.3,4.1,0.2,0.4,2.8,98.6,21.8,70.5,5,4.2,2.7
Jharkhand,Palamu,61.7,74.2,47.7,99.5,99.5,31.8,4.3,0.3,0.4,8.3,98.8,30.9,69.9,9.5,13.3,6.5
Jharkhand,Ranchi,61.6,74.7,47.4,100,99.6,31.2,2.9,NA,0.5,4.1,98.9,61.2,84.9,12.9,12.4,8.4
Jharkhand,Sahebganj,42.4,51.9,32.1,99.1,98.4,5.5,3.8,4,1,4.1,98.9,20.8,67.3,5,4.1,1.9
Jharkhand,Saraikela,63.4,77.6,49.1,99.1,99.7,40.2,2.2,NA,1.3,4.7,99.4,55.7,77,22,14.3,11.6
Jharkhand,Simdega,62.8,72,53.4,97.5,99.6,5.4,2.6,0.4,0.2,1.2,98.8,38.5,87.3,3.3,4.9,5.7
Jharkhand,West Singh Bhumi,66.5,78.7,53.3,98.3,98.2,11.6,7.2,1.1,1,1.3,99.2,56,83.7,8.7,18,10.5
Karnataka,Bagalkot,60.5,75.4,46.9,97,98.4,85.6,9.6,69.1,1.7,8.7,93.2,57,68.6,35.8,23.3,13.5
Karnataka,Bangalore Rural,68.3,76.5,59.7,100,100,93.6,25,71.9,8.9,17.1,95.5,75.5,72.1,61.9,35.4,22.3
Karnataka,Bangalore Urban,77.6,86.6,68.7,100,100,97.4,75.2,84.4,54.3,35.7,79.2,60,27.3,77.7,55.7,26.2
Karnataka,Belgaum,68,79.5,56.8,96.8,99.7,83.1,12.5,49.3,7.9,10.1,94.5,51.9,71.1,39.2,23.2,17
Karnataka,Bellary,59.7,70.1,49.6,90.6,92.2,89.8,12.3,69.7,9.1,11,92.7,53,60.7,41.5,24.1,11.2
Karnataka,Bidar,66.4,77.8,55.6,98.6,96.7,85.4,6.7,65.2,2.2,9.1,96.9,58.7,67.2,32.5,23.3,8.9
Karnataka,Bijapur,62.9,76.1,49.5,97.1,98.5,86.6,2.5,49.1,2.1,7.8,95.3,52.2,74.5,28.2,26.4,8.9
Karnataka,Chamarajnagar,60.9,68.2,53.7,98.5,100,77.3,12.5,71.5,5.9,3.3,96,74.1,50.9,31.4,18.5,7.5
Karnataka,Chikmagalur,76.9,84.8,69.3,98.9,100,82.2,43.8,69.4,9.2,12.8,94.6,59.8,63.2,52.8,26.8,18
Karnataka,Chitradurga,67.8,77,58.4,98.8,99.8,90.5,12.5,72,4.3,8.5,97.2,74.1,76.4,39.8,24.8,11.8
Karnataka,Dakshina Kannada,84.2,90.2,78.5,100,100,83.4,84.3,38.1,17.7,22.7,93.1,51.7,34.4,47.9,46.1,20.9
Karnataka,Davanagere,66.2,73.7,58.7,98.3,98.3,89.6,19.3,81.6,4.5,9.1,94.1,66.2,62,48.8,27.1,14.5
Karnataka,Dharwad,70,79,60.8,99.6,97.5,91.1,21.1,67.3,2.9,5.8,95.8,64.2,63.8,44.3,24.3,13.7
Karnataka,Gadag,68.1,80.1,56.9,96.3,96.4,93.8,10,57.9,2.4,4.2,95.8,60.6,72.7,40.9,23.8,12.2
Karnataka,Gulbarga,51.5,62.7,40.7,94.3,93.9,84.6,1.1,53.8,1,5.1,96.4,66.2,77.6,28.9,23.1,6.6
Karnataka,Hassan,69.9,77.5,62.7,100,99.2,87.6,19.1,70.4,4,6.1,95.7,62.1,74.9,45.3,28.4,12.8
Karnataka,Haveri,75,83.1,67.2,97.3,98.8,89.8,25.2,83,2.9,4.5,95.6,55.6,68.2,37.2,23.7,9.4
Karnataka,Kodagu,78.7,84.7,73.1,98.2,99,69.1,66.8,42.5,15.5,15.3,74.7,56.8,44.6,45.9,31.8,16.6
Karnataka,Kolar,65.6,75.4,55.9,98.6,98.9,93,13.4,77.9,4,26.4,97,74.6,78.4,50.9,28.4,17.9
Karnataka,Koppal,60.5,73.4,47.8,92.5,94,87.5,4.9,66.5,2.5,6.2,94.5,44.7,74.9,26.4,22.4,7.6
Karnataka,Mandya,66.4,75.5,57.7,100,98.8,89.5,18.3,86.3,5.6,8.1,95.5,69.4,71.8,44.5,26.9,12.8
Karnataka,Mysore,65.5,73.9,57.2,98.8,100,86.3,24.4,78.1,8.7,5.2,96.8,77.3,58.8,43.2,27.8,10.9
Karnataka,Raichur,53.9,68.2,39.9,86.1,94.6,86,3.3,63,2.8,5.1,97.9,57.7,85.2,25.6,22.5,11.2
Karnataka,Shimoga,75.7,83.7,68.1,99.3,99,83.4,44.1,54.8,8.2,6.8,95.9,60.9,64.1,47,26.9,18.7
Karnataka,Tumkur,69.4,79.9,59,100,99.6,87.5,10.2,68.7,3.6,13.7,96.1,71.5,72.9,34.6,19.3,12.1
Karnataka,Udupi,82.6,88.8,76.7,100,100,86.2,72.6,20.1,23.8,21.6,94.5,61.1,34.9,58.4,50.7,19
Karnataka,Uttara Kannada,80.1,85.5,74.7,97.6,98.9,85.4,39.7,22.7,6,13.2,98,64,57.8,38.1,15.8,18.1
Kerala,Alappuzha,94,96.2,92,100,100,92.6,94.3,26.3,38.4,74.8,96.8,43.6,15.9,72.6,43.6,25.5
Kerala,Ernakulam,93.7,96.6,90.7,100,100,93.3,99.1,25.3,25.8,88.6,97.1,35.2,26.5,78.5,55.2,34.2
Kerala,Idukki,91.5,95.3,87.8,100,100,90.8,89.2,31.1,25.3,73.3,79.5,40.4,38.2,72.1,52.9,11
Kerala,Kannur,93.9,96.8,91.2,100,100,90,98.9,2.5,14.8,80.5,93.9,27.4,27.3,65.8,51.5,13.5
Kerala,Kasargod,86.7,91.6,82.1,100,99.7,87.8,92.5,9.4,19.4,82.8,90.5,33.2,23.3,59.9,50.5,14
Kerala,Kollam,93.4,96.1,90.9,100,100,93,97.9,13.4,31.5,70.2,93.8,37.9,19.7,72.4,48.1,21.7
Kerala,Kottayam,95.8,97.1,94.6,100,100,94.6,98.1,13.4,34.4,83.6,94.2,37.6,26.8,78.9,59,25
Kerala,Kozhikode,94.2,98,90.8,100,100,89,99.1,7.9,11.5,74.9,96,33.5,21.3,59.5,50.5,18.7
Kerala,Malappuram,93.6,96,91.5,100,100,93.7,98.9,5.7,18.8,90.2,92.3,30.1,10.7,56.1,55,19.7
Kerala,Palakkad,89.3,93.9,85.1,100,100,89.4,90.6,35.3,25.6,71.7,94.6,25.7,22.4,64.3,51,22.2
Kerala,Pathanamthitta,96.5,98,95.2,100,100,92.5,98.2,10.4,32.3,91.2,95.9,33,32,76.4,50.8,24.4
Kerala,Thiruvananthapuram,90.7,94.8,87.1,100,100,89.6,95.6,9.6,20.8,60.8,91.6,39.5,14.1,70.5,38.7,18
Kerala,Thrissur,93.4,96.2,90.9,100,100,93.6,98.3,15.9,32.5,70.6,95.9,33.2,13.7,76.1,45.9,26.3
Kerala,Wayanad,86.3,91.2,81.6,98.4,98.8,77.5,95.5,22.4,8.5,70.2,90.8,41.7,39,49.4,38.7,11.1
Lakshadweep,Lakshadweep,90,95.2,84.7,100,100,99.9,99.3,5.5,5.6,80.7,97.6,41.7,7.5,54,59.8,24
Madhya Pradesh,Balaghat,70.8,80.4,61.3,99.8,99.3,76.7,7.8,4.2,2,2.7,98.5,55.5,63.1,18.2,6.9,8.8
Madhya Pradesh,Barwani,31,36.9,25.1,95,94.2,76.4,4.3,8.3,2.6,4,98.3,58.1,72.4,12.1,6.7,8.8
Madhya Pradesh,Betul,55.9,65.1,46.4,96.1,100,74.6,8.2,14.8,1.3,4.5,98.2,33.8,62.1,14.3,7.6,8.8
Madhya Pradesh,Bhind,70.4,83,55.1,99.5,99.6,51.8,8.7,4.8,1.2,23.8,98.8,23.6,76.6,22.2,20.7,14.3
Madhya Pradesh,Bhopal,51.7,61.5,41.1,97.6,96.9,91.6,21.6,4.6,2.8,6.1,98.8,35.5,64.9,37.7,20.1,22.5
Madhya Pradesh,Chhatarpur,58,68,46.8,98.8,98.3,51.5,6.7,1.9,0.7,6.8,99.1,29.8,76.6,13.6,11.9,9
Madhya Pradesh,Chhindwara,60.5,70.6,50.4,98.4,98.3,82.4,7,6.5,2.1,3.5,97.1,47.1,68.8,17,6.8,8.5
Madhya Pradesh,Damoh,68.2,80.4,55.3,98.4,95.5,67.8,8.7,5.9,1.1,3.4,96.1,56.4,58.3,17.6,4.8,8.3
Madhya Pradesh,Datia,67.7,82.6,50.6,99.3,98.9,81.5,12.9,7.1,1.5,18.4,99.1,25.7,86.5,34.1,18.6,20.3
Madhya Pradesh,Dewas,60.1,74.4,46.2,97.3,98.5,87.4,24.5,7.1,6.2,11.3,97.4,28.2,64.6,33.5,26.6,24.4
Madhya Pradesh,Dhar,40.1,51.4,29.2,93.2,95.3,83.3,8.6,7.7,2.9,6.7,99.1,44.7,76.5,20.1,14.6,15.1
Madhya Pradesh,Dindori,59.8,73,46.7,96.7,98.5,41.1,3,1.8,0.3,1.4,98.3,52.1,66.8,4.9,3.3,3.7
Madhya Pradesh,East Nimar,52.9,63.8,41.2,97.4,98.7,78.4,8.4,11.9,3.8,8.9,98.5,34.6,60.3,23.8,14.1,12.4
Madhya Pradesh,Guna,55.2,70.3,38.5,99.1,99,62.7,4.1,3.6,1,3.9,98.6,46.5,83.4,21.1,16.2,18
Madhya Pradesh,Gwalior,64.9,81.4,45.1,97.9,98.9,78.4,11.9,3.3,5.3,25.8,98.7,21.2,69,38.8,27.7,33
Madhya Pradesh,Harda,62.6,74.4,50,98,97.5,84.5,30.9,4.2,5.2,8.7,97.3,38.6,62,33.5,22.2,26.2
Madhya Pradesh,Hosangabad,59,71.2,46.1,98.6,97.7,79,22.1,11.6,1.8,4.2,97.1,49,51.9,28.9,16.4,18.9
Madhya Pradesh,Indore,55.6,71.1,41.3,95.9,93.4,83.1,26.3,15.3,4.3,14.2,99.2,33.7,45.6,40.6,22.5,21.1
Madhya Pradesh,Jabalpur,69.3,79.9,58,100,99.3,92.1,25.2,5.9,3.8,7.4,96.8,55.3,58,30.5,16.6,14.7
Madhya Pradesh,Jhabua,27.5,36.3,18.8,95,97.4,63.5,4.5,1.5,1.1,3.1,99.2,45.5,87.9,5.7,7.4,7.2
Madhya Pradesh,Katni,66.9,80.3,53,98.7,99.2,63.7,8.2,6,1.6,8.7,98,44.9,66.8,11.9,7.1,6.6
Madhya Pradesh,Mandla,63.4,75.9,51.1,99.3,96.4,56.8,7,1.5,2.2,2.5,97.6,59.5,59,10.6,4.8,4.8
Madhya Pradesh,Mandsaur,55.6,72.8,38.3,97.8,97.1,88.7,7.3,11.1,2.4,14.2,98.5,40.5,79.1,29.7,22.5,19.3
Madhya Pradesh,Morena,65.5,81.3,46.5,99.8,99.7,33.7,7.7,5.4,1.9,27.7,98.7,23.6,79.2,12.3,15.5,13.2
Madhya Pradesh,Narasimhapur,64,74.9,52.4,98.6,98.1,90,31.4,6.2,2.9,5.8,98.7,36.1,54.8,28.8,18.9,19.5
Madhya Pradesh,Neemuch,55.6,71.1,39.6,98.9,97.9,91.7,7.2,16,3.4,25.4,98.4,46,72.9,34.1,24,23.6
Madhya Pradesh,Panna,60,71.5,47.7,98.9,97.8,54,4.8,2.1,1.1,5.1,98.7,56.1,73.5,9,7.7,7.9
Madhya Pradesh,Raisen,60.6,71.1,49.3,98.6,98.6,82.7,12.6,6.3,1,5,97.9,37.2,60.9,26.7,19.7,16.8
Madhya Pradesh,Rajgarh,49.5,63.9,34.5,96.7,98.8,85.6,9.7,2.6,1.3,6.4,99.2,65.7,84.4,18.4,12.5,11.5
Madhya Pradesh,Ratlam,47.3,60.5,34,94.1,98.8,89.9,8.9,7.6,2.7,7.3,98.3,47.5,83.3,19.7,12.5,14
Madhya Pradesh,Rewa,67.7,79.7,55,99.1,98.7,51.4,21,0.9,1.7,6.3,99.2,43,51.5,15,19.2,12.6
Madhya Pradesh,Sagar,70.5,81.5,58,99.4,98.7,76.8,8.4,5.3,1.1,6.2,96.1,59.2,60.5,21.6,13.1,11.1
Madhya Pradesh,Satna,67.1,78.2,55.5,97.2,97.2,71.7,4.8,2.3,1,8.6,99,57.1,49,16.8,14.3,11.3
Madhya Pradesh,Sehore,54.5,68.5,39.9,98.3,98.3,88.9,13.4,1.9,1.2,7.5,98.5,42.8,69.6,34.1,20,19.8
Madhya Pradesh,Seoni,64.8,74,55.5,99.5,99.3,72.8,10.6,2.7,1.2,2,96.1,49,56.2,13.7,6,7.2
Madhya Pradesh,Shahdol,54.6,66.9,41.6,100,99.3,50.8,4.9,0.2,0.7,4.1,99,56.7,64.2,12,6.2,6.1
Madhya Pradesh,Shajapur,53.8,69.8,37.2,98.9,98.6,88.9,12.6,3.4,1.4,13.5,98.4,42.3,73,30.5,24.2,15.9
Madhya Pradesh,Sheopur,49.3,64.6,33.5,99.3,98.9,48.2,2.1,3.7,1,12.1,98.7,37.3,62.7,10.3,9.3,12.2
Madhya Pradesh,Shivpuri,52.2,68,34,95.4,97.6,50.1,3.8,3.5,1.2,10.5,98.6,38.1,73.3,10.7,9.3,10.3
Madhya Pradesh,Sidhi,58.2,69,46.7,98.1,97.1,45.8,2.3,0.4,2.2,3.9,99,52.2,55.7,9.6,12.2,7.6
Madhya Pradesh,Tikamgarh,59.4,71.4,46.3,98.1,96.6,61.8,5.4,3.7,0.9,13.9,99.2,34.6,82.1,17.3,12.6,11.1
Madhya Pradesh,Ujjain,53.7,70.8,36,97.5,99.5,91,14.7,7.5,2.8,10.4,98.2,41.7,74.1,38.3,29.2,26.2
Madhya Pradesh,Umaria,59.9,71.7,47.4,98.5,98.3,57.9,1.8,0.5,0.8,3.5,98.3,56.2,57.1,6.7,6.7,5.1
Madhya Pradesh,Vidisha,61.1,72.4,47.9,96.9,98.5,79.3,9.3,6.8,1.1,6.3,99.2,41.2,65.7,31.2,21.8,21.6
Madhya Pradesh,West Nimar,53.5,65.1,41.3,98,98.2,90.5,8.5,27.1,3.8,9.5,98.9,38.9,59.9,31.3,19.7,15.4
Maharashtra,Ahmadnagar,74.5,85.4,63.2,100,99.5,75.4,43.2,54.4,27.5,31.6,92.1,29,60.1,57.4,42.7,31.4
Maharashtra,Akola,77.8,86.5,69.3,99.5,100,68.6,20.5,56.7,11.6,15.9,94.3,38.7,55.8,43.9,27.4,12
Maharashtra,Amravati,71.6,79.6,63.3,98.9,100,65.3,29.7,54.9,4.9,7.3,97.4,54.2,58.1,36.3,16,9.9
Maharashtra,Aurangabad,66.7,80,52.5,98,99.7,72.6,10.3,26.9,6.3,7,93.4,37.1,66.6,42.5,35.4,18.4
Maharashtra,Bhandara,78.6,87.3,69.9,100,99.4,74.9,54.9,26.8,8.8,21.2,93.4,47,63.1,41.1,15.9,14
Maharashtra,Bid,64.6,78.1,51,98.4,99.3,62,6.7,23.1,3.2,9.5,96.9,32.4,75.7,34,32.6,15.3
Maharashtra,Buldana,73,85,60.5,99.1,99.4,72.4,16.4,50.6,5.9,12.3,97.9,44.5,72.2,42.6,27.8,14.7
Maharashtra,Chandrapur,74.4,83.2,65.6,100,100,64.3,29,24.7,9.5,10.6,95.1,41.3,63.9,27.1,13.5,6.8
Maharashtra,Dhule,61.5,72.4,50.1,98.2,97.6,67,13.3,75.2,15.9,13.9,89.2,46.6,54.4,41,27.3,13.3
Maharashtra,Gadchiroli,58.1,69.5,46.4,95.4,97.8,32.3,10.2,9.3,1.7,9.5,96.7,53.7,65.9,14.2,6.9,6.5
Maharashtra,Gondiya,78.7,88.4,69.5,99.6,99.6,62.9,45.3,9.8,3.8,18.8,96.2,49,61.8,25.1,12.9,12.4
Maharashtra,Hingoli,66.1,79.3,53.2,97.4,98.9,67.5,21.9,22.9,3.3,12.1,97.3,26.4,75.4,31.9,30.9,9.5
Maharashtra,Jalgaon,70.2,80.9,59,97.5,97,78.5,24.8,76.8,21.2,21.2,88,33.4,48.3,50.7,23.3,15.4
Maharashtra,Jalna,65.2,79.5,51.1,98.6,98.8,66.1,37.3,21.9,3.5,13.5,98,35.5,73.7,37.3,33.8,15.3
Maharashtra,Kolhapur,78.7,89.1,69,100,100,93.7,80.4,68.6,22.3,27.2,29.3,62.5,31.4,94.9,59.4,24.8
Maharashtra,Latur,72.4,81.8,63.1,98.9,97.6,76.5,21,35.9,6,25.2,98,29.6,61,38.1,34.1,13.6
Maharashtra,Mumbai,NA,NA,NA,NA,NA,NA,NA,NA,NA,NA,NA,NA,NA,NA,NA,NA
Maharashtra,Mumbai Sub-urban,NA,NA,NA,NA,NA,NA,NA,NA,NA,NA,NA,NA,NA,NA,NA,NA
Maharashtra,Nagpur,77.5,84.8,69.8,100,100,84.9,44.2,48.6,12.1,22.3,96.2,41.5,53.1,55,22.8,14.7
Maharashtra,Nanded,66.4,77.5,55.1,99.1,97.9,66.4,13.7,29.1,5.3,11.9,98.4,34.8,66.8,30.9,30.4,9.4
Maharashtra,Nandurbar,46.1,56.6,35.4,96.7,95.7,56.8,8,38,4.5,2.7,97.8,60.1,59.4,20.2,10.4,8
Maharashtra,Nashik,65.9,77.6,53.5,97.7,99.3,58.7,32.4,46.3,18.4,12.4,92.2,46.4,58.1,37.8,28.8,18.3
Maharashtra,Osmanabad,69,79,58.9,98.9,98.6,63.1,18.2,40.6,5.9,26.4,97.2,36.2,66.9,32.3,28.8,15.7
Maharashtra,Parbhani,63,76,50,95.6,94.7,67.6,6.6,31.2,2.5,11.2,96,23.6,68.1,31.3,27.6,8
Maharashtra,Pune,78.2,89.7,66.8,99.5,100,84.1,49.3,40.5,37.7,27.8,93.4,14.9,65.8,62.5,58.6,41.3
Maharashtra,Raigarh,75.5,87.7,66.2,99,100,88.7,38.2,41.9,23.9,31.4,96.7,31.6,55.8,46.3,30.2,18.8
Maharashtra,Ratnagiri,75.8,86.3,66.3,100,100,89.8,59.8,33.5,9.3,28,95,29.5,54.4,34.4,18.8,8
Maharashtra,Sangli,78.2,88.8,67.9,99.1,100,83.6,56.2,70.2,24.8,27.2,92.2,19.7,68.9,50.9,34.7,25.7
Maharashtra,Satara,78.9,88.5,70,100,100,86.2,55.9,64.6,21.1,22,95.8,28.9,75.1,55.4,36.2,24
Maharashtra,Sindhudurg,83.8,92,76.2,100,100,93.8,70,24,12.2,30.1,95.5,30.1,50.3,48.3,32.2,13.1
Maharashtra,Solapur,68.8,78.7,58.4,99.1,98.4,65.3,17.2,56.1,8.1,31.2,93,38.4,55.3,36.8,36,18.1
Maharashtra,Thane,61.7,72.1,51.2,95.9,96.4,64.5,30.8,22.4,16.9,17.9,98.9,56.7,60,37.8,31.9,18
Maharashtra,Wardha,81.8,88.6,74.7,100,100,79.5,45.6,48.4,16.2,20.3,97,36.6,52.4,53.4,25.2,15.8
Maharashtra,Washim,73.5,84.4,62,99.1,99.7,74.1,17.7,24.3,5.4,8.9,96.7,40.8,61.7,45.9,27.8,15.3
Maharashtra,Yavatmal,69.7,80.8,58.1,97.2,97.9,64.9,21.2,28.8,5.4,7.6,97.1,42,53.9,31.9,20.5,9.3
Manipur,Bishnupur,79.2,89.5,69.2,98.3,99.6,93,97,31.8,17.4,2,98.9,21.9,36,48.3,48.9,13.1
Manipur,Chandel,79.1,86,71.8,99.7,100,82.1,96.6,1,4.1,1.1,99.1,1.6,49.4,32.1,35.9,13.5
Manipur,Churachandpur,83.9,88.7,78.9,99.3,99.3,53,95.3,5.9,6.2,1.1,98.8,11.4,36.8,24,23,9.5
Manipur,Imphal East,83.2,90.6,75.8,98.5,96.6,86.7,94.8,12.3,22,4.7,98.7,15.6,41.2,51.3,48.6,23.6
Manipur,Imphal West,84.4,92.4,76.5,100,99.3,92.9,99.6,28.4,35.2,6.9,98.8,26.8,35.2,65.5,61.2,33.4
Manipur,Senapati,83.2,89.2,76.9,99.7,99.2,81.3,95,12.8,6.5,1.6,99,5.5,51.3,36.5,39.8,9.2
Manipur,Tamenglong,77.5,82.6,71.8,99.7,99.3,81.2,91.4,2.1,1.8,0.3,97.3,14.3,61.2,17.9,8.5,2.2
Manipur,Thoubal,80.7,92.4,69.1,99.6,97.4,84.7,98.4,11.6,19.7,3.9,99.4,10.8,43.4,48.8,48.2,19.1
Manipur,Ukhrul,85.8,90.3,80.5,99.9,100,73.5,86,5.9,1.7,0.5,99,4.1,75.6,15.5,13.9,2.4
Meghalaya,E. Garo Hills,78.9,81.9,75.6,97.6,97.6,48.5,90.6,9.3,1.9,2.1,96.3,10.7,38.7,26.4,9.5,5.8
Meghalaya,E. Khasi Hills,81.7,82.4,80.9,99.3,98.5,71.9,41,60.6,5.2,12.5,94.9,18.2,49,27.6,22.7,3.7
Meghalaya,Jaintia,67.4,67.3,67.5,97.5,97,67.6,34.4,26.6,6.9,9.7,94.4,3.6,36.2,25.4,25.7,6.8
Meghalaya,Ribhoi,74.9,76.7,73.1,99.8,99.7,63.3,66.4,40.7,4.8,6.2,92.7,5.1,48.7,26.3,20.4,3.7
Meghalaya,S. Garo Hills,78.4,83.1,72.9,97.8,98.8,57.1,82.7,19.1,0.9,1.2,98.9,3.5,27.2,30,7.3,8.4
Meghalaya,W. Garo Hills,72,77.6,65.9,99,97.6,51,71.3,11.9,1.9,2.2,98.2,26.7,40.5,25.9,9.1,5.9
Meghalaya,W. Khasi Hills,77,77.5,76.5,97.8,98.5,53.3,32.5,17,1.8,3.5,98.2,4.7,64,13.3,12.1,1.9
Mizoram,Aizawl,94.7,96.5,92.9,98.9,100,90.3,99.3,20.8,30.3,3.9,89.1,28.7,21.8,38.4,41.1,10.4
Mizoram,Champhai,94.2,97.5,90.8,99.8,99.5,95.6,99.9,68.8,15.6,1.1,90.9,55.3,68.8,28.2,23.7,7.4
Mizoram,Kolasib,87.3,90.4,84,98.7,98.1,83.4,93.4,60.3,29.6,3.6,81.9,32.8,59,26.9,28.4,6.8
Mizoram,Lawngtlai      ,86.4,87.7,84.7,99.5,99,89.1,96.1,42.3,6.3,0.9,97.5,54.5,71.7,16.7,9.6,1.7
Mizoram,Lunglei,87.6,90.1,84.9,99.6,99.3,87.1,95.8,55.8,9.9,8,97.7,56.8,75.4,26.3,16.8,3.7
Mizoram,Mamit,83.4,87.2,79,98.8,99.2,76.3,94.9,27.3,10.6,1,93.6,37.5,70.8,26.7,25.6,6.8
Mizoram,Saiha      ,92.2,94.8,89.4,100,100,91.6,98.8,72.4,14.3,0.6,94.1,56.9,60.4,26.3,18.6,3.3
Mizoram,Serchhip,96.4,97.5,95.1,100,99.2,99.5,99.3,57.9,25,1.8,93.7,41.5,69.5,42,35,8.7
Orissa,Angul,71.8,83.2,60.5,98.6,97.8,29.8,10.1,1,3.4,17.6,99.3,57.6,74.3,20.1,15.2,15.4
Orissa,Balangir,66.4,79.9,52.9,98.8,98.2,27.1,5.1,4,1.4,4.3,98,51,13.3,14.7,6.9,5.7
Orissa,Baleshwar,80,88.8,70.6,98.2,99.5,66.7,34.1,4.6,2.5,13.2,98.8,57.3,39.3,39.1,23.5,11.5
Orissa,Bargarh,72.8,83.6,61.7,97.4,96.6,40.3,9.8,7.9,2.6,9.1,97.8,46.6,64.5,23.9,9.2,8
Orissa,Baudh,70.3,83.9,56.5,99.4,95.6,13.4,4.8,0.9,0.9,4.3,98.5,64.9,73.1,10.5,6.8,5.4
Orissa,Bhadrak,82.2,89.9,74.5,98.8,98.5,52.9,19.3,1.9,3.3,12.7,98.2,46.9,69.2,31.4,24.8,9.4
Orissa,Cuttack,81.2,89.4,72.6,97.8,98.1,54.3,15.7,5.7,3.9,26.5,99.4,44.7,57,37.7,19.9,13.3
Orissa,Debagarh,70.4,80.5,60.2,97.8,98.6,21.3,4.6,0.5,1.1,4.5,98.7,62.9,69.6,12.9,8,6.8
Orissa,Dhenkanal,74.4,85.7,63.8,99,98.6,41.4,12.6,2.4,2.6,17.9,97.1,54.6,64.7,25.3,16.7,12
Orissa,Gajapati,50.4,63.7,37.4,96.1,97.3,18.2,4.2,10.3,0.9,10.1,97.9,46.6,35.8,5.4,3.5,4.7
Orissa,Ganjam,63.3,76.1,52.2,97.7,97.2,45.7,17,22.8,7.3,41.5,98.1,45.4,46,26.3,16.9,7.4
Orissa,Jagatsinghpur,84.4,92.1,76.9,99.7,99.6,57.9,19.8,6.2,3.1,37.7,99.1,48.3,71.2,41.1,25.9,14.3
Orissa,Jajapur,79.3,87.8,70.9,99.4,98.6,60.4,22.8,5.5,2.5,27.5,99.2,54,62.1,37.4,25.4,12.2
Orissa,Jharsuguda,76.6,85.2,67.8,100,99,40.9,7.7,3,3.7,4.5,98.4,39.4,63.5,29.6,13.2,16
Orissa,Kalahandi,55.4,68.9,42.4,93.1,99.2,15.5,5.3,1.8,1.2,1.4,97.5,54.1,36.9,7.5,4.3,4.6
Orissa,Kendrapara,85.1,91.8,79.4,99.4,98.7,58,18.2,1.3,2.6,20.2,99.6,49.6,63.1,34.8,27,10.4
Orissa,Kendujhar,64.5,76.7,52.5,98.4,98.3,23.7,7.2,1.5,1.5,5,97.8,62.7,70,13.2,11.7,6.3
Orissa,Khandamal,59.9,74.5,46.7,97.7,98.2,6.9,5.3,1.6,1.5,5.3,99,69,55.6,5.1,3.8,4.9
Orissa,Khordha,80.7,88.2,73.7,96.7,98.1,55.4,23.7,2.1,6.3,24.7,98.7,50.1,53.5,36.2,26.3,17
Orissa,Koraput,33.1,44.3,21.9,93.6,95,7.8,1.6,11.4,1.7,1.5,98.2,69,49.7,4.2,2.1,2.1
Orissa,Malkangiri,32.9,41.1,25.1,93.6,91.9,3.8,1.3,2.1,1.3,2.5,99.4,64.4,62.2,2.9,2.3,1.9
Orissa,Mayurbhanj,62.7,74.2,51.6,97.3,97.8,18.8,14.7,2.6,2.1,3.6,98.5,62.1,69.5,12,8.8,7.9
Orissa,Nabarangapur,40.6,52,29.2,89.5,91.9,6.4,2.1,9.8,1.1,2.1,98.1,51.9,59.6,4.5,3.6,5.8
Orissa,Nayagarh,72.8,84.2,61.4,98,98.9,36.7,10.4,0.8,1.6,16.6,98.6,63.7,62.7,19.3,11.9,8.2
Orissa,Nuapada,56.1,28.9,41,96.5,95.4,24.7,4.2,3,1.5,2,97.8,62.5,73.2,9.4,6,4.7
Orissa,Puri,79.9,89.1,71.4,98.5,99.7,56.8,15.5,5.8,1.6,16.9,99.4,54.5,72,35.3,23.8,11.7
Orissa,Rayagada,37.9,49.8,26.4,90.3,95.4,10.5,2.7,5,1.5,6.5,98.7,70.6,40.1,6.5,4.5,3
Orissa,Sambalpur,73.7,74.6,62.4,98.1,98.4,26.6,4.5,1.5,2.1,4.6,98.6,52.5,63.5,19.2,9.9,8.5
Orissa,Sonapur,74.2,85.5,63.1,97.2,96.9,32.1,4.3,1.9,1,7.3,97.7,55.9,66.8,17.8,7.9,6.4
Orissa,Sundargarh,68.9,78.2,59.4,96.3,94.7,26.2,5,3.4,2.9,2.7,99.3,52.3,77.1,18.2,9.8,9.2
Pondecherry,Karaikal,84.7,91.6,78,100,100,87.1,32.6,95.8,20.4,26.6,89.8,47.3,10.5,55.9,29.6,21.6
Pondecherry,Mahe,NA,NA,NA,NA,NA,NA,NA,NA,NA,NA,NA,NA,NA,NA,NA,NA
Pondecherry,Puducherry,83.3,90.3,76.4,100,100,97.8,28.9,99.2,32.6,45.5,94.7,17.3,16.1,78.3,42.3,32.7
Pondecherry,Yanam,NA,NA,NA,NA,NA,NA,NA,NA,NA,NA,NA,NA,NA,NA,NA,NA
Punjab,Amritsar,68.6,73.4,63,96.6,97.7,99.7,45.4,10.5,13,38.8,99.4,26.1,43.1,75.8,51.2,36.3
Punjab,Barnala,63.8,67.6,59.7,99.3,99,97.9,77.2,43.5,14.2,53.3,98.9,16.2,45.3,68.3,53.8,39
Punjab,Bhatinda,64.8,72.4,56.5,99.9,98.7,95.8,91.5,45,11.6,39.5,98.6,25.5,51.3,73.5,57.5,40.9
Punjab,Faridkot,65.2,70.9,59,97.3,99.6,99,77.7,35.3,15.9,43.3,98.8,30.9,42.5,74.8,57.4,38.1
Punjab,Fatehgarh Sahib,77.6,83.1,71.4,99.5,97.9,98.7,82,26.3,26.4,62.3,97.7,21.6,39.4,85.4,60.5,49.6
Punjab,Firozpur,67.4,74.7,59.4,98.5,98.9,98.4,72.6,17.9,13,34.5,98.6,26.3,51,76.8,59.8,38.9
Punjab,Gurdaspur,80.3,85.2,74.8,98.8,99.6,98.8,54.7,15.2,22.5,62.5,98.9,11.9,45.9,86.1,62.3,44.7
Punjab,Hoshiarpur,85.5,89.9,81.1,99.7,100,97.8,54.2,46.2,30.1,77.4,98.6,11,44.5,87,64,46.7
Punjab,Jalandhar,79.8,85,74,98.5,99.4,98.9,76.3,28.2,25.4,81.3,97.7,14.3,38.9,88.1,68.5,52.7
Punjab,Kapurthala,77.1,82.5,71.9,100,98.9,97.9,72.4,31.1,25.3,75.6,98.5,14.3,46.8,86.5,71,50.9
Punjab,Ludhiana,79.8,86.2,73,97.8,99.2,96.4,83.8,16.4,31.3,65.3,95.5,10.7,40.1,85.1,62.4,48
Punjab,Mansa,59.3,65.1,53.1,98.3,96.8,96.4,64.8,45.4,5.9,30.9,98.8,16.5,51.1,62.3,52.3,34.2
Punjab,Moga,67.3,72.6,61.4,99.6,99.8,97.9,87.6,35.3,19.2,43.5,98.9,23.1,31.3,70.8,59.3,33.2
Punjab,Muktsar,63.6,71,55.8,97.5,98.6,97,70.2,36.3,11.8,29.6,98.3,32.8,34,70.2,55.1,30.6
Punjab,Nawanshahr,79.3,85.2,73.2,100,100,98.5,66.8,32.8,22.8,74.3,96.7,14.5,42.2,88.2,62.4,45.9
Punjab,Patiala,71.7,78.2,64.7,99.2,99.5,99.7,81,39.4,21.9,65.7,98.9,13.4,44.8,84.2,67,47.5
Punjab,Rupnagar,82.1,89.5,74.2,100,99.3,99.2,54.8,47.5,22.9,71.1,98.2,13.2,52.4,86.5,66.9,49
Punjab,Sangrur,69.1,74.7,62.9,99.6,97.9,98.9,78.1,28.1,16.9,50.8,98.6,14.3,49.6,74,55.7,45.3
Punjab,SAS Nagar,80.1,86.4,73,99.1,99.1,99.1,56.7,53.3,28.2,67.1,92.5,12,38.4,85.9,64.4,48
Punjab,Taran Taaran,64.8,71.9,57.2,96.7,98.5,99.3,54.6,10.7,17.5,31.8,99.3,21.1,33.1,75,55.2,29.3
Rajasthan,Ajmer,56.4,76.1,37.1,94,99.4,61.7,8,20.8,3.6,45.3,99.3,16.9,86.2,28.4,35.6,20.7
Rajasthan,Alwar,64.1,80.1,46.8,99.6,99.8,66,8.9,18.9,3.8,29.8,97.8,12.9,79,35.5,41.4,24.8
Rajasthan,Banswara   ,50.1,60.6,38.4,97.9,99.1,25.9,1.6,1.5,1.3,6.3,99.8,44.1,93.8,8.7,10.6,7.4
Rajasthan,Baran   ,57.7,73.4,41.5,96.2,98.3,54.4,3.1,6.4,1.6,8.9,99.3,28.1,76,25.7,25.1,21.9
Rajasthan,Barmer   ,51.1,65.7,33.5,97,98.8,23.7,1.2,25.2,0.6,8.7,99.1,16,86.5,6.7,26.6,8.4
Rajasthan,Bharatpur  ,64,80.8,44.5,98.2,97.2,58.3,3.5,10.3,1.3,24.3,98.8,12.7,81.8,27,32.9,23.1
Rajasthan,Bhilwara      ,45.4,61.2,29.2,97.3,98.6,63.6,3.9,20.1,2.5,23.7,98.9,14.9,87.3,22.1,26.3,19.2
Rajasthan,Bikaner,55.6,66.9,42.7,99.2,98.1,45.5,22,44,2.4,20.7,98.4,23.7,74.4,23.2,43.3,10.2
Rajasthan,Bundi     ,50.6,67.3,32.6,95.6,99.4,32.4,3.5,6.9,1.2,12.6,97.5,18.2,80.7,19,19.7,17.5
Rajasthan,Chittaurgarh    ,47.6,64.1,30.3,96.5,98.6,63.3,2.9,19.3,1.4,17.1,98.5,25,89.1,20.7,26.3,19.3
Rajasthan,Churu,59.2,72,45.2,98.8,98.8,60.3,37.7,56.6,2.9,36.7,99.5,19.9,89.5,29.6,39.5,8.8
Rajasthan,Dausa,61,78.8,42,98.5,99.8,54.9,4.4,8.3,2.6,45.4,99.5,17.2,86.5,22.2,34.5,20.5
Rajasthan,Dhaulpur   ,62.4,76.4,46.1,98.6,97.9,35,1.4,3.1,0.9,18.7,98.2,18.8,78.9,16.2,20,13.4
Rajasthan,Dungarpur     ,58.9,72.1,44.6,99.2,99.6,44.9,8,9.6,4.9,17.5,99.1,43.7,91.1,16.5,22.1,11.3
Rajasthan,Ganganagar,64.4,74.1,53.4,98.5,99,68.2,72.5,67.5,2.8,11.5,97.5,17.2,60.7,43.3,48.1,23.4
Rajasthan,Hanumangarh,66.6,77.8,54.3,99.2,99.6,79.1,76.8,61.5,4.3,15.1,98.2,15.3,72,53.9,54,25.4
Rajasthan,Jaipur,61.6,78.7,42.7,99.2,99.7,75.1,9.2,12.7,4.3,50.4,99.3,13.8,79.1,45.2,43.9,34.7
Rajasthan,Jaisalmer,54.4,69.2,36.5,97.2,98.2,44.9,8.4,34.7,0.4,31.6,98.8,12.6,84,20.9,46.4,10.9
Rajasthan,Jalor  ,49.9,65.1,34.9,97.5,99.1,56.2,7.4,63.4,5.4,25.5,99,22.2,68.9,20.5,33.9,12.7
Rajasthan,Jhalawar   ,49.8,65.7,33,93.7,96.8,56,5,7.2,1.9,11.7,98.1,20.8,81,21.9,21,15.3
Rajasthan,Jhunjhunu    ,71.4,85.4,56.4,99.4,100,79.8,37.7,44.3,8,44,98.7,7.6,88.9,49.1,54,18.6
Rajasthan,Jodhpur,55,70.8,37.7,97.5,99.2,53.8,7.4,18.7,2.1,50.9,99,8.6,84.6,26.6,47.6,21.8
Rajasthan,Karauli ,60.1,75.2,42.9,97.7,99.2,32,5.4,7,1,20.6,98.9,28.5,82,11.7,23.4,10.3
Rajasthan,Kota    ,55.9,71.9,37.6,96,97.6,58.9,4.2,6.6,1.7,17.1,98.3,17.3,78.1,31.4,36,22.3
Rajasthan,Nagaur   ,56.6,72.7,39.9,98.5,98.7,58.6,26.9,36,3.6,69.3,99.2,11.1,83.7,31.3,46,15.6
Rajasthan,Pali    ,55.5,72,39.9,96.7,98.9,65.6,11.8,48.6,3.6,42.5,99.1,19.5,75.2,27,35.4,18.7
Rajasthan,Rajsamand    ,53.9,69.7,37.8,98,99.6,69.9,5.6,20.1,2.8,34.1,99.1,23,91.8,20.2,32.8,14.1
Rajasthan,Sawai Madhopur  ,55.9,75.8,34.1,93,97.6,35.9,5,12.5,1.5,24.9,98.4,23.8,82.6,14.4,25.2,17.4
Rajasthan,Sikar     ,70.5,87.2,52.8,99.3,100,78.8,30.3,36,7.9,77.7,99.7,8.5,77.3,49.4,54.4,22.4
Rajasthan,Sirohi    ,48.7,63.6,33.8,94,96.1,63.8,10.5,38.2,8.9,31.7,98.4,22,67.1,24.5,27.1,14.5
Rajasthan,Tonk    ,52.4,71.4,33.4,96.7,99.4,45.1,3.1,2.9,0.4,13.6,99.4,21.6,86.8,20.3,28.7,24.7
Rajasthan,Udaipur     ,45,58.5,30.3,98.9,98.3,37.2,2.5,3.2,2.1,10.6,99.3,32.3,94.5,11.7,16,10.6
Sikkim,East Sikkim,82.1,88.6,75.2,98.9,98.3,94.3,95,87.7,45.4,58.3,89.1,39,56.2,63,59.5,11.3
Sikkim,North Sikkim,78.1,84.1,71.1,99.3,97.9,88.4,88.1,96.3,20.1,37.6,96.6,50,70,48.5,53.8,9.3
Sikkim,South Sikkim,77.6,84.2,70.5,99.5,98.9,90.3,93.1,88,18.8,38.6,95.2,54.3,82.2,42,49,6.3
Sikkim,West Sikkim,71,77.2,64.5,99.8,98.7,89.6,88.4,91.6,13.9,27.1,97.2,55,80.1,36.4,43.3,5.5
Tamil Nadu,Chennai,NA,NA,NA,NA,NA,NA,NA,NA,NA,NA,NA,NA,NA,NA,NA,NA
Tamil Nadu,Coimbatore,70.3,79,61.2,98.4,98.3,88.1,26.4,98.5,35.3,20.9,86.3,10.6,15.5,61.6,30.8,27.7
Tamil Nadu,Cuddalore,76,86.2,66.3,99,100,92.3,21.8,91.8,13.1,23.9,94.1,9.4,35.2,63.3,37.9,19.8
Tamil Nadu,Dharmapuri,66.7,76.5,57.2,99.3,99,90.4,7.6,89.8,10.9,21.8,92.4,12.2,35.4,50.3,25.8,16.7
Tamil Nadu,Dindigul,69.3,79.9,59.1,100,100,85.8,14.5,93.7,19.9,23.4,90.8,10.1,24.1,45.4,26.8,15.1
Tamil Nadu,Erode,64.2,74.6,53.5,100,100,89.7,31.7,97.2,34.5,22.6,90.4,18.7,23.9,56,27.5,27.7
Tamil Nadu,Kancheepuram,71.8,81.8,62.1,100,100,94.8,13.2,96.5,13.2,37,93.4,19.8,29.6,71.6,32.1,23.3
Tamil Nadu,Kaniyakumari,90.4,92.7,88.1,100,98.8,95.9,91.3,59.8,24.4,47.2,87.8,17.8,11.9,70.7,40,18.2
Tamil Nadu,Karur,69.6,81,58.6,97.1,100,89.5,19.7,96,20.6,31.9,93.3,15.2,33.3,62,31.7,23.5
Tamil Nadu,Krishnagiri,67.6,77.3,57.6,99.1,99.9,92.1,15.4,91.5,13.7,32.6,90.3,12,43,54.3,32.5,27.8
Tamil Nadu,Madurai,69.8,81.1,58.3,94.6,96,85.3,11.6,95.3,10.7,34.6,91.4,28.2,44.6,59.6,26.6,13.5
Tamil Nadu,Nagapattinam,83.1,89.2,77.1,99.5,100,90.2,22.6,73.9,11.4,27.2,96.8,18.1,20.2,57.4,27.2,13.4
Tamil Nadu,Namakkal,69,79.2,59,98.6,99.8,90.4,29.7,87.8,34.1,24.3,88,10.8,25.9,57.3,35.9,28.5
Tamil Nadu,Perambalur,69.1,81.2,58.2,99.5,98.7,85.8,12,93.2,8.4,23.4,95.4,8.4,50.4,51.4,32.5,14.9
Tamil Nadu,Pudukottai,68.1,79.3,58.2,98.2,99.8,83.7,14.3,61.5,6.3,29.4,97,10.5,51.4,44.1,32,15.1
Tamil Nadu,Ramanathapuram,75,86,66,98.4,100,88.2,25.8,60.2,10.1,26.3,91.6,14.6,46,61.9,26.6,11.3
Tamil Nadu,Salem,61.4,73.1,49.5,99.9,98.7,88.2,13.4,95.1,18.1,20.9,93,6.7,29.7,48.1,28,21.7
Tamil Nadu,Sivaganga,76.4,86.4,67.5,100,100,90.1,29.1,72,14.3,29.2,89.7,19.6,43.9,65,32.4,20.1
Tamil Nadu,Thanjavur,81.7,90.2,73.7,99.6,100,88.6,31.6,92.3,19.1,26.7,90.9,15,30.8,65.4,40.2,24.9
Tamil Nadu,The Nilgiris,79.4,91,68.2,100,98.7,91.5,29.7,97.5,18.6,22.1,85.3,22.4,23.3,83.1,28.2,4.6
Tamil Nadu,Theni,75.3,86.7,63.8,100,100,86.6,20.9,98.5,19.4,36.4,85.1,24.8,21.4,58.5,19.1,6.5
Tamil Nadu,Thiruvallur,76.3,85.8,66.7,100,98.4,97.9,32.6,96.6,35.9,45.6,88.9,12.1,24,74,44.7,25
Tamil Nadu,Thiruvarur,79.6,86.9,73,100,99,87.1,27,88.8,12.8,21,94.2,17,30,49.6,28.7,16.2
Tamil Nadu,Thoothukudi,80.3,87.1,73.9,98.3,99,93.5,33,89.1,18,40.2,83,15.8,30.9,63.6,32.7,13.5
Tamil Nadu,Tiruchirappalli,75.1,83.7,67.3,99.9,99,86.8,23,96.3,14.4,27.5,91.7,15,34.5,57.1,33.3,17.9
Tamil Nadu,Tirunelveli,80.8,88.1,74.5,98.9,100,93.6,27,97,14.3,41.9,88.4,20.2,29.2,63.6,22.2,15
Tamil Nadu,Tiruvannamalai,71.6,81.2,62.5,99.3,98.9,94.5,12.3,93.8,11.3,36.9,98.1,11.2,49.6,62.9,29.9,16.4
Tamil Nadu,Vellore,77.1,87.1,67.7,100,99.2,88.5,19.3,97.7,19.5,45.3,94.7,27.6,32.8,62.4,25.5,19.2
Tamil Nadu,Viluppuram,68,77.6,58.4,98.6,99.1,92.4,7.5,91.2,6.7,24.4,96.9,13.3,44,47.4,22.9,12.5
Tamil Nadu,Virudhunagar,69.6,80.4,59.1,99.2,100,90.4,14.5,91,15.3,44.1,84.8,29.2,32.9,69.6,26.1,13.5
Tripura,Dhalai,72.2,80.8,63.5,98.2,99.8,56.9,90.9,23.7,3.3,2.9,96.1,51.7,32.1,29.2,13,4.4
Tripura,North Tripura,82.3,88.8,75.8,98.7,99.6,60.3,93,28.7,5.3,9.7,95.7,42.3,33.5,32.9,18.5,6.2
Tripura,South Tripura,75.2,83.2,66.9,90,99.7,62.1,90,28.3,2.6,2.1,98.1,47.9,41,34.1,18.3,5.9
Tripura,West Tripura,79.1,85.2,73.3,99.5,99.1,72,96.6,23.3,7,3.2,97.9,41.2,37.6,49.7,23.4,8.3
Uttar Pradesh,Agra,69,84.6,59.4,97.1,97.2,66.2,11.6,3.1,2.4,18,97.7,5.9,66.6,38.1,30.4,19.5
Uttar Pradesh,Aligarh,70.2,85.8,55,99.3,98.7,46.7,12.2,0.7,3.6,17.8,98.1,18.5,73,30.6,30.5,17.7
Uttar Pradesh,Allahabad,64,79,49,98.8,99.6,31,6.6,3.1,3,17.1,99.4,19.1,66.8,21,22.4,12.2
Uttar Pradesh,Ambedkar Nagar,67.3,79.4,56.2,99.8,98.6,25.9,6.9,0.2,1.4,6.9,99.1,43.1,83,15.1,28.2,16.2
Uttar Pradesh,Auraiya,76.1,85.1,65.7,97.5,99.4,33.1,11.4,2.7,2.8,11.2,98.6,47.6,77.6,11.6,18.6,7.6
Uttar Pradesh,Azamgarh,66.9,80.3,55.9,99.8,99.3,42.6,11.2,0.7,3.9,12.3,99.7,39.6,86.9,20.4,36.7,15.8
Uttar Pradesh,Baghpat,70.3,82.3,57.6,99.2,98.6,58.4,49.7,1.9,7.1,30.1,98.6,7.6,56.8,47.9,37,20.8
Uttar Pradesh,Bahraich,39.8,51.8,27.7,89.8,90.9,8.9,5.8,1,1.8,9.5,99.4,45,71.9,6.3,9.7,4.4
Uttar Pradesh,Ballia,63.4,76.3,50.9,99.6,99.3,30.4,11.1,1.4,3.3,11.6,99,41.5,70,17.2,29.3,7.4
Uttar Pradesh,Balrampur,38.2,52.4,25.1,96.2,96.5,15,7.4,0.5,1,12.5,99,29.7,77.8,5.8,24.5,9.9
Uttar Pradesh,Banda,58.5,71.6,43.9,98.7,99.2,30,19.2,2.6,1.3,7.8,99.4,33.3,74.4,10.1,17.8,6.8
Uttar Pradesh,Barabanki,53.3,65.2,40.5,96.6,98,16.9,11.6,1.8,4.9,10.8,99.3,38.2,73.8,18.4,19.4,15.1
Uttar Pradesh,Bareily,57,69.5,42.9,96.6,97.3,16.5,34.1,1,4.7,12.7,98.3,30,75.2,21.8,19.4,12.8
Uttar Pradesh,Basti,60.3,74.6,47.1,98.4,98.7,29.7,7.8,0.4,3,23.3,99.7,48.2,81.8,17.1,33,14.2
Uttar Pradesh,Bijnor,66.1,76.4,55.8,98.9,97.6,32.9,41.3,3.7,5.5,16.6,98.3,4.4,54.5,31.5,26.9,17.9
Uttar Pradesh,Budaun,49.2,63.1,32.9,93.1,96.3,11.9,16,2.1,1.3,6.3,99.5,18,85.8,9.1,15.1,9.9
Uttar Pradesh,Bulandshahar,68.2,85.5,50.3,99.6,98.5,33.6,20.5,1.2,4.3,21,97.7,8.2,69,29.3,28.3,16.1
Uttar Pradesh,Chandauli,67.3,80.2,54.1,98.3,99.5,43,13.8,6.3,5.5,13.2,99.3,38.9,63.3,31,23.7,13
Uttar Pradesh,Chitrakoot,58.7,71.1,45.6,97.7,97.9,30,6.9,2,1.5,8.6,99.3,33.9,80.9,11.3,15.4,6.9
Uttar Pradesh,Deoria,63,77.8,49,99.8,99.2,31.8,12.9,1.1,4.3,19,99.2,41.7,82.2,21.2,36.8,12.8
Uttar Pradesh,Etah,67.7,80.6,53.4,98.2,99.5,17.6,6.5,3.8,1.9,14,98.9,23.1,85.2,16.3,22.8,11.6
Uttar Pradesh,Etawah,76.8,87,65.5,99.4,99.5,27.2,7.4,1.4,2.4,19.2,99.2,29.1,85.6,15.9,23.1,13.3
Uttar Pradesh,Faizabad,59.2,72,47.3,98.7,98.8,34.4,12.8,1.1,6.1,14.5,38.6,71.8,23.4,99.1,17.6,13.8
Uttar Pradesh,Farrukhabad,63.9,75.7,50.8,97.9,99.5,19.8,18.9,0.5,1.7,10.1,98.6,31.8,77.3,11.8,15.3,10.6
Uttar Pradesh,Fatehpur,60.7,72.5,48.5,98.2,97.8,16.2,11.4,1.3,1.2,13,99.1,19.4,80.5,12,19.9,9
Uttar Pradesh,Firozabad,72.2,84.9,58.6,98.7,99.4,35.1,5.3,1.2,1.5,12.9,98.6,26.7,81.2,16.3,23.3,14.2
Uttar Pradesh,G B Nagar,76.2,89.1,61.9,98.7,98.3,72.7,33.8,3.1,9.6,36.4,93.2,15.1,56.3,51.7,43.1,30.3
Uttar Pradesh,Ghaziabad,72.4,84.3,59.1,98.6,99,78.5,67.7,2.7,23.8,47.6,93.8,10.8,44.3,48.9,41.2,23.1
Uttar Pradesh,Ghazipur,66.8,80.7,53.3,98.7,98.5,38.5,11,4.4,4.8,10.3,99.4,34.3,80.7,24.1,31.6,14.5
Uttar Pradesh,Gonda,49.2,63.6,34.9,98.3,98.7,16.4,4.3,0.6,2.1,12.3,98.9,27.1,85,10,23.8,10.5
Uttar Pradesh,Gorakhpur,65.5,80,52,99,97.7,35.4,12.3,2.6,8.4,20.6,98.4,40.9,72.5,25.3,33.4,14.1
Uttar Pradesh,Hamirpur,66.3,79.1,51.9,99.1,99,32,22.8,7,1.5,17.1,99,39.8,78.8,17.3,21.2,13.1
Uttar Pradesh,Hardoi,63,75,49.4,97.3,97.8,5.9,8.9,3.3,1.9,5.8,97.2,29,81,10.8,14.2,8.7
Uttar Pradesh,Hathras,72.1,86.6,55.9,98.1,99.1,45.9,8.6,1.6,2.6,18.8,97.8,18.5,66.1,29.1,27.2,15.4
Uttar Pradesh,Jalaun,71.1,83,57.5,99.4,100,44,18.4,5.1,0.9,19.1,99.1,26.3,76.7,16.8,23.2,13.9
Uttar Pradesh,Jaunpur,67.6,82.2,55.2,99.4,98.9,44.9,12.2,1.4,4,30.1,99,35,78.4,26.6,33.3,15.1
Uttar Pradesh,Jhansi,69,83.2,53.4,100,100,50.4,17.5,1.5,4.6,21,98,34.2,81.2,26,22.2,18.1
Uttar Pradesh,JP Nagar,65.2,78.4,50.9,98.9,98.1,24.2,28.4,3.6,2.1,9.2,98.8,13.2,67.2,30.2,26,18.6
Uttar Pradesh,Kannauj,74,84.5,62.5,97.8,98.1,21.6,13.3,2.9,1.6,15.5,98.6,29.2,83.5,15.8,18.4,11.2
Uttar Pradesh,Kanpur Dehat,73.1,83.5,61,98.6,99.1,30,23.8,4,4.8,24.5,97.9,40.2,67.2,17.8,21.8,11.1
Uttar Pradesh,Kanpur Nagar,73.6,83.7,62.4,99.1,100,21,15.5,2.2,1.6,13.7,99.3,31,68.5,17.1,18.3,11.8
Uttar Pradesh,Kaushambi,55.7,70.5,41.6,97.5,97.8,25.2,13.6,4.6,3.2,17.4,98.7,24.3,77.1,18.5,16.4,8.4
Uttar Pradesh,Kheri,57,68.8,44.1,95.8,96.2,13.6,12.2,1.5,2.7,9.2,99,39.5,67.5,12.5,12.4,9.5
Uttar Pradesh,Kushinagar,54.4,68.9,41,99.6,99.6,23.2,11.1,0.7,3.6,16.2,99.8,45.8,82.4,17.4,26.2,11.1
Uttar Pradesh,Lalitpur,61.3,75,46.4,98.1,97.5,18.1,6.8,1.1,1.3,8.6,99.4,25.3,84.9,11.4,13.9,15.2
Uttar Pradesh,Lucknow,61.8,70.5,52.3,99.4,96.9,34.5,15.3,5,5.9,14.3,98.7,24.9,66.2,22.7,16.3,13.5
Uttar Pradesh,Mahoba,58.4,71,44.6,98,98.7,15.7,7.6,2.5,0.6,7.5,99.5,19.1,86.9,8.3,15.4,12.8
Uttar Pradesh,Mahrajganj,52.1,68.3,37.5,99.7,99,19.7,9.8,1.3,3,14.7,99.3,41.8,87.5,17.4,22,9
Uttar Pradesh,Mainpuri,76.8,87,65.5,99.4,99.5,27.2,7.4,1.4,2.4,19.2,99.2,29.1,85.6,15.9,23.1,13.3
Uttar Pradesh,Mathura,69.5,84.6,52.5,97.6,99,71.6,10.9,4,1.2,31.5,97.6,23,61.8,33.7,32.1,17.2
Uttar Pradesh,Mau,68.3,81.6,56.7,99.6,99.4,48.9,12.9,0.6,3.1,10.5,99.6,43.3,82.2,23.9,36,12.5
Uttar Pradesh,Meerut,73.4,84,62.3,99.7,95.7,68.1,52.1,3.8,6.5,26.9,97.6,8.3,49.4,45.4,37.6,20.6
Uttar Pradesh,Mirzapur,65.2,78,52.4,98.5,99.2,42.6,16.1,0,4.6,16.8,99.1,38.7,71.5,28.7,25.4,15.1
Uttar Pradesh,Moradabad,57.6,70.7,43.8,98.2,97.6,25.3,42.6,1,3.5,13.8,99,16.8,66.6,21.1,20.8,13.8
Uttar Pradesh,Muzaffarnagar,64.3,77,51.2,97.3,99.1,58.9,48.6,1.7,8.2,22.5,97.5,12.2,47.2,41.2,39,19.6
Uttar Pradesh,Pilibhit,63.6,76.4,49.4,97.6,98.3,17.3,24.9,2.7,4,9.3,97.7,22.1,71.1,23.1,18.9,15.1
Uttar Pradesh,Pratapgarh,63.5,79,51,97.3,98.2,23.3,6.2,0.4,2.3,20.5,99.6,33.9,80.3,18.6,28.1,14.4
Uttar Pradesh,Rae Bareli,60.9,76.2,46.8,95.3,97.3,18.4,6,6.3,2.6,12.4,99.1,43,73.4,14.8,15.8,11
Uttar Pradesh,Rampur,53.9,64.6,42.6,97.7,98,23.1,55.6,1.1,2.7,10.4,97.7,18.3,64.7,24.4,22.3,14.5
Uttar Pradesh,Saharanpur,65.2,76.1,54,97.2,97.9,67.1,24.8,12.2,2.9,13.2,98.6,19.3,47.1,44.2,29.3,21.8
Uttar Pradesh,Sant Kabir Nagar,60,75.1,46.6,98.9,99.2,23.4,7.2,0.9,2.9,10.3,98.5,50.9,73.6,14.1,24.2,9
Uttar Pradesh,Sant Ravidas Nagar,66,81.9,50.8,99.5,98.4,46,9.1,6.2,5.9,21.9,99.3,33.9,62.2,31.7,29,14.6
Uttar Pradesh,Shahjahanpur,58.2,70.4,44.6,97.1,96.3,10.9,20,1.8,2.8,8.4,97.8,18.9,69.6,13,14.9,10.1
Uttar Pradesh,Shrawasti,42,54.4,29.3,95.9,97,8.9,7.4,0.6,2.1,11.4,99.4,34.4,79,5.7,16.1,8.3
Uttar Pradesh,Siddharthnagar,53.4,68.9,39.3,97.6,98,17.8,4.7,2.8,2.8,9.9,99.3,45.7,78.3,12.3,26,11.3
Uttar Pradesh,Sitapur,52.9,63.7,41.2,95.3,96.2,8.7,9.4,0.6,2.1,11.3,99.4,34.8,77.3,9.3,13.1,9.1
Uttar Pradesh,Sonbhadra,59.4,72.8,45.2,97.8,97.9,23.9,7.2,0.2,1.7,5.2,99.5,44.3,73.9,15.9,18.4,9.2
Uttar Pradesh,Sultanpur,63.3,78.6,50.5,99,98.2,33.8,10.8,1.4,4.2,17.3,99.2,51.3,75.3,17.4,27.1,13.3
Uttar Pradesh,Unnao,62.3,74.3,49,97.2,97.8,11.2,10.9,0.7,2.3,11.3,99.1,41.3,80.2,11.2,16.3,9.5
Uttar Pradesh,Varanasi,69.4,82.8,55.9,99.5,99.8,61,23.3,7.8,12.7,26.5,99.2,29.1,67.8,44.5,37.9,22.3
Uttarakhand,Almora,80.6,93.1,67.3,99.7,99.6,68.3,46,69.5,8.4,34.7,98.6,36,93.4,42.7,35.1,1.9
Uttarakhand,Bageshwar,80.6,92.9,67.7,99.4,99.8,79.4,49.1,68.4,12.3,50.9,97,39.8,90.1,43.5,41,2.7
Uttarakhand,Chamoli,81.8,93.2,69.1,99.7,99.7,79.5,37.5,79.1,8.2,60.4,98.9,37.7,92,45,34.8,1.8
Uttarakhand,Champawat,74.7,89.2,59.6,100,100,58.6,32.2,67.4,7,21.6,98.4,55.6,88.1,26.4,24.9,3.4
Uttarakhand,Dehradun,73.3,82.7,62.8,99.6,99.8,92.2,51.8,71.5,18,54.1,98.1,39.9,72.4,61.3,52.7,26.9
Uttarakhand,Hardwar,69,78.5,58.5,98.8,99.4,89,40.5,21.8,7,52.1,99,27.1,51.4,54,42.9,25.4
Uttarakhand,Nainital,82.4,90.8,72.9,100,99.7,82.5,65.3,61.8,24.1,49.3,96.8,31.1,71.2,58.3,52.2,18.5
Uttarakhand,Pauri Garhwal,80.7,93.2,67.8,100,100,88.2,40.2,79.6,8.8,42.6,98.4,31.3,90.4,58.8,35.9,2.1
Uttarakhand,Pithoragarh,81.6,91.8,70.7,99.6,100,71.5,42.7,75.2,17.4,72.6,98.7,49.9,90.2,39.5,31.1,4.2
Uttarakhand,Rudraprayag,83.5,94.4,71.9,100,100,89.5,51.3,86.5,13.5,70.8,99,38.3,91.4,52.7,42.6,2.6
Uttarakhand,Tehri Garhwal,75.9,89.8,61.4,100,99.7,81.9,49.6,68.7,15.8,51.9,98.5,41,91.9,48.8,47.4,4.9
Uttarakhand,Udham Singh Nagar,71.6,79.9,62.4,98.9,98.9,88.3,55.5,29.4,19,46.7,97.1,23,42.1,63,49,25
Uttarakhand,Uttarkashi,73,87.4,57.6,99.8,100,77.4,28.7,71.9,6.1,40.8,98.9,36,89,34.8,23.6,1.4
West Bengal,Bankura,62.7,74.7,50.6,95.5,96.9,36.7,11.8,5,1.4,14.4,97.9,30,62.8,16.8,13,6.7
West Bengal,Barddhaman,70.8,78.6,63.2,96.4,96.7,51.4,52.2,4.5,1.1,16.9,99.1,14.4,43.6,26.4,17.2,7.4
West Bengal,Birbhum,64,71.6,56.2,97.5,96.6,39.3,19.6,5.3,1.6,12.7,96.8,26.8,45.5,21.2,12.8,5.4
West Bengal,Dakshin Dinajpurr,67.9,76,59.8,98.1,98.4,32.2,25.8,12.7,1,4.2,98.5,32.1,55.7,16.4,12.2,2.1
West Bengal,Darjiling,77.6,86,69.2,99.4,99.8,79.5,72.3,31.6,22.3,44,95.9,29.3,32,58.7,41.3,8
West Bengal,Haora,78,84,72.2,99,98.2,61.5,74.8,13.4,5.7,38.9,97,37.5,27.9,36.6,29.2,5.3
West Bengal,Hugli,76.4,83.4,69.5,97.4,97.3,74.7,72.6,9.6,6.5,30,99.2,26.8,45.5,41.9,28.2,12.5
West Bengal,Jalpaiguri,69.1,77.2,61.1,96.9,99.1,42.4,49.3,20.4,5.8,26.4,88.2,34.9,30.3,30.8,16.9,7.8
West Bengal,Koch Bihar,69.4,77.8,60.9,96.9,99.3,21.1,66.8,8,2,3.9,99.2,43.4,47.9,15.3,11.2,3.1
West Bengal,Kolkata,NA,NA,NA,NA,NA,NA,NA,NA,NA,NA,NA,NA,NA,NA,NA,NA
West Bengal,Malda,61.7,70.2,53.8,96.4,94.9,30.2,25.5,10.1,1.1,13.5,97.6,25.6,44.9,12.2,12.2,3.1
West Bengal,Murshidabad,67.7,71.6,64.1,98.4,96.5,43.3,45.4,7.4,1.7,19.5,98,20.8,40,17.8,14.4,4.5
West Bengal,Nadia,69.8,76,64,99.8,97.8,40.7,79.6,6.4,2.3,18,95.7,27.1,29.3,20.5,18.1,3.4
West Bengal,North 24 Parganas,76.6,82.9,70.3,99.2,99.1,55.2,90.4,11.1,5.6,29.3,98.6,18.5,38.5,22.1,22.8,5.9
West Bengal,Paschim Medinipur ,68.6,79,58,99,97.2,43.7,42.7,7.3,1.5,8.4,98.5,40.6,68.5,17.2,18.6,7.8
West Bengal,Purba Medinipur ,79.6,87.4,71.8,99.8,99.4,43.4,94.2,6.3,1.8,13.3,98.4,39,56.6,18.5,19.9,4.9
West Bengal,Puruliya,59.8,75.7,44,94.2,98,21.6,2.6,5,0.6,10,99,27.9,74.7,10.7,10.9,6.3
West Bengal,South 24 Parganas,77.3,85.7,68.7,98.6,97.1,47.8,66.1,12.4,3.7,21.1,98.9,32.4,34.7,27.6,22.7,3.8
West Bengal,Uttar Dinajpur,56.5,66.2,47.2,98.6,96.9,30.5,20.3,0.5,0.7,9.6,98.5,40,51.6,13.1,12.6,4.3
